01,11018406,01. Canvas short sleeve T- Shirt,3x,Navy Heather,Heather Navy,Bella/Canvas,3001,5.68
01,11018206,01. Canvas short sleeve T- Shirt,3x,Royal Heather,Heather True Royal,Bella/Canvas,3001,5.68
01,11013406,01. Canvas short sleeve T- Shirt,3x,Steel Heather,Deep Heather,Bella/Canvas,3001,5.68
01,10016406,01. Canvas short sleeve T- Shirt,3x,Dark Green,Forest,Bella/Canvas,3001,5.68
01,10011606,01. Canvas short sleeve T- Shirt,3x,Coffee,Heather Brown,Bella/Canvas,3001,5.68
01,10010201,01. Canvas short sleeve T- Shirt,sm,White,White,Bella/Canvas,3001,3.20
01,10010202,01. Canvas short sleeve T- Shirt,m,White,White,Bella/Canvas,3001,3.20
01,10010203,01. Canvas short sleeve T- Shirt,l,White,White,Bella/Canvas,3001,3.20
01,10010204,01. Canvas short sleeve T- Shirt,xl,White,White,Bella/Canvas,3001,3.20
01,10010205,01. Canvas short sleeve T- Shirt,2x,White,White,Bella/Canvas,3001,4.39
01,10010206,01. Canvas short sleeve T- Shirt,3x,White,White,Bella/Canvas,3001,5.49
01,10010401,01. Canvas short sleeve T- Shirt,sm,Black,Black,Bella/Canvas,3001,3.20
01,10010402,01. Canvas short sleeve T- Shirt,m,Black,Black,Bella/Canvas,3001,3.20
01,10010403,01. Canvas short sleeve T- Shirt,l,Black,Black,Bella/Canvas,3001,3.20
01,10010404,01. Canvas short sleeve T- Shirt,xl,Black,Black,Bella/Canvas,3001,3.20
01,10010405,01. Canvas short sleeve T- Shirt,2x,Black,Black,Bella/Canvas,3001,4.39
01,10010406,01. Canvas short sleeve T- Shirt,3x,Black,Black,Bella/Canvas,3001,5.49
01,10010601,01. Canvas short sleeve T- Shirt,sm,Brown,Brown,Bella/Canvas,3001,3.20
01,10010602,01. Canvas short sleeve T- Shirt,m,Brown,Brown,Bella/Canvas,3001,3.20
01,10010603,01. Canvas short sleeve T- Shirt,l,Brown,Brown,Bella/Canvas,3001,3.20
01,10010604,01. Canvas short sleeve T- Shirt,xl,Brown,Brown,Bella/Canvas,3001,3.20
01,10010605,01. Canvas short sleeve T- Shirt,2x,Brown,Brown,Bella/Canvas,3001,4.39
01,10010606,01. Canvas short sleeve T- Shirt,3x,Brown,Brown,Bella/Canvas,3001,5.49
01,10011001,01. Canvas short sleeve T- Shirt,sm,Charcoal Heather,Dark Heather Grey,Bella/Canvas,3001,3.39
01,10011002,01. Canvas short sleeve T- Shirt,m,Charcoal Heather,Dark Heather Grey,Bella/Canvas,3001,3.39
01,10011003,01. Canvas short sleeve T- Shirt,l,Charcoal Heather,Dark Heather Grey,Bella/Canvas,3001,3.39
01,10011004,01. Canvas short sleeve T- Shirt,xl,Charcoal Heather,Dark Heather Grey,Bella/Canvas,3001,3.39
01,10011005,01. Canvas short sleeve T- Shirt,2x,Charcoal Heather,Dark Heather Grey,Bella/Canvas,3001,4.58
01,10011006,01. Canvas short sleeve T- Shirt,3x,Charcoal Heather,Dark Heather Grey,Bella/Canvas,3001,5.49
01,10011101,01. Canvas short sleeve T- Shirt,sm,Creme,soft crème,Bella/Canvas,3001,3.20
01,10011102,01. Canvas short sleeve T- Shirt,m,Creme,soft crème,Bella/Canvas,3001,3.20
01,10011103,01. Canvas short sleeve T- Shirt,l,Creme,soft crème,Bella/Canvas,3001,3.20
01,10011104,01. Canvas short sleeve T- Shirt,xl,Creme,soft crème,Bella/Canvas,3001,3.20
01,10011105,01. Canvas short sleeve T- Shirt,2x,Creme,soft crème,Bella/Canvas,3001,4.39
01,10011106,01. Canvas short sleeve T- Shirt,3x,Creme,soft crème,Bella/Canvas,3001,5.49
01,10011701,01. Canvas short sleeve T- Shirt,sm,Gold,Gold,Bella/Canvas,3001,3.20
01,10011702,01. Canvas short sleeve T- Shirt,m,Gold,Gold,Bella/Canvas,3001,3.20
01,10011703,01. Canvas short sleeve T- Shirt,l,Gold,Gold,Bella/Canvas,3001,3.20
01,10011704,01. Canvas short sleeve T- Shirt,xl,Gold,Gold,Bella/Canvas,3001,3.20
01,10011705,01. Canvas short sleeve T- Shirt,2x,Gold,Gold,Bella/Canvas,3001,4.39
01,10011706,01. Canvas short sleeve T- Shirt,3x,Gold,Gold,Bella/Canvas,3001,5.49
01,10012101,01. Canvas short sleeve T- Shirt,sm,Heather grey,Athletic heather,Bella/Canvas,3001,3.40
01,10012102,01. Canvas short sleeve T- Shirt,m,Heather grey,Athletic heather,Bella/Canvas,3001,3.40
01,10012103,01. Canvas short sleeve T- Shirt,l,Heather grey,Athletic heather,Bella/Canvas,3001,3.40
01,10012104,01. Canvas short sleeve T- Shirt,xl,Heather grey,Athletic heather,Bella/Canvas,3001,3.40
01,10012105,01. Canvas short sleeve T- Shirt,2x,Heather grey,Athletic heather,Bella/Canvas,3001,4.58
01,10012106,01. Canvas short sleeve T- Shirt,3x,Heather grey,Athletic heather,Bella/Canvas,3001,5.49
01,10013801,01. Canvas short sleeve T- Shirt,sm,Orange,Orange,Bella/Canvas,3001,3.20
01,10013802,01. Canvas short sleeve T- Shirt,m,Orange,Orange,Bella/Canvas,3001,3.20
01,10013803,01. Canvas short sleeve T- Shirt,l,Orange,Orange,Bella/Canvas,3001,3.20
01,10013804,01. Canvas short sleeve T- Shirt,xl,Orange,Orange,Bella/Canvas,3001,3.20
01,10013805,01. Canvas short sleeve T- Shirt,2x,Orange,Orange,Bella/Canvas,3001,4.39
01,10013806,01. Canvas short sleeve T- Shirt,3x,Orange,Orange,Bella/Canvas,3001,5.49
01,10014001,01. Canvas short sleeve T- Shirt,sm,Dark Blue,Navy,Bella/Canvas,3001,3.20
01,10014002,01. Canvas short sleeve T- Shirt,m,Dark Blue,Navy,Bella/Canvas,3001,3.20
01,10014003,01. Canvas short sleeve T- Shirt,l,Dark Blue,Navy,Bella/Canvas,3001,3.20
01,10014004,01. Canvas short sleeve T- Shirt,xl,Dark Blue,Navy,Bella/Canvas,3001,3.20
01,10014005,01. Canvas short sleeve T- Shirt,2x,Dark Blue,Navy,Bella/Canvas,3001,4.39
01,10014006,01. Canvas short sleeve T- Shirt,3x,Dark Blue,Navy,Bella/Canvas,3001,5.49
01,10014201,01. Canvas short sleeve T- Shirt,sm,Purple,Purple,Bella/Canvas,3001,3.20
01,10014202,01. Canvas short sleeve T- Shirt,m,Purple,Purple,Bella/Canvas,3001,3.20
01,10014203,01. Canvas short sleeve T- Shirt,l,Purple,Purple,Bella/Canvas,3001,3.20
01,10014204,01. Canvas short sleeve T- Shirt,xl,Purple,Purple,Bella/Canvas,3001,3.20
01,10014205,01. Canvas short sleeve T- Shirt,2x,Purple,Purple,Bella/Canvas,3001,4.39
01,10014206,01. Canvas short sleeve T- Shirt,3x,Purple,Purple,Bella/Canvas,3001,5.49
01,10014401,01. Canvas short sleeve T- Shirt,sm,Red,Red,Bella/Canvas,3001,3.20
01,10014402,01. Canvas short sleeve T- Shirt,m,Red,Red,Bella/Canvas,3001,3.20
01,10014403,01. Canvas short sleeve T- Shirt,l,Red,Red,Bella/Canvas,3001,3.20
01,10014404,01. Canvas short sleeve T- Shirt,xl,Red,Red,Bella/Canvas,3001,3.20
01,10014405,01. Canvas short sleeve T- Shirt,2x,Red,Red,Bella/Canvas,3001,4.39
01,10014406,01. Canvas short sleeve T- Shirt,3x,Red,Red,Bella/Canvas,3001,5.49
01,11014101,01. Canvas short sleeve T- Shirt,sm,Light Grey,Silver,Bella/Canvas,3001,3.20
01,11014102,01. Canvas short sleeve T- Shirt,m,Light Grey,Silver,Bella/Canvas,3001,3.20
01,11014103,01. Canvas short sleeve T- Shirt,l,Light Grey,Silver,Bella/Canvas,3001,3.20
01,11014104,01. Canvas short sleeve T- Shirt,xl,Light Grey,Silver,Bella/Canvas,3001,3.20
01,11014105,01. Canvas short sleeve T- Shirt,2x,Light Grey,Silver,Bella/Canvas,3001,4.39
01,11014106,01. Canvas short sleeve T- Shirt,3x,Light Grey,Silver,Bella/Canvas,3001,5.49
01,11014201,01. Canvas short sleeve T- Shirt,sm,Dark Grey,Asphalt,Bella/Canvas,3001,3.20
01,11014202,01. Canvas short sleeve T- Shirt,m,Dark Grey,Asphalt,Bella/Canvas,3001,3.20
01,11014203,01. Canvas short sleeve T- Shirt,l,Dark Grey,Asphalt,Bella/Canvas,3001,3.20
01,11014204,01. Canvas short sleeve T- Shirt,xl,Dark Grey,Asphalt,Bella/Canvas,3001,3.20
01,11014205,01. Canvas short sleeve T- Shirt,2x,Dark Grey,Asphalt,Bella/Canvas,3001,4.39
01,11014206,01. Canvas short sleeve T- Shirt,3x,Dark Grey,Asphalt,Bella/Canvas,3001,5.49
01,11014301,01. Canvas short sleeve T- Shirt,sm,Light Blue,Baby Blue,Bella/Canvas,3001,3.20
01,11014302,01. Canvas short sleeve T- Shirt,m,Light Blue,Baby Blue,Bella/Canvas,3001,3.20
01,11014303,01. Canvas short sleeve T- Shirt,l,Light Blue,Baby Blue,Bella/Canvas,3001,3.20
01,11014304,01. Canvas short sleeve T- Shirt,xl,Light Blue,Baby Blue,Bella/Canvas,3001,3.20
01,11014305,01. Canvas short sleeve T- Shirt,2x,Light Blue,Baby Blue,Bella/Canvas,3001,4.39
01,11014306,01. Canvas short sleeve T- Shirt,3x,Light Blue,Baby Blue,Bella/Canvas,3001,5.49
01,11014401,01. Canvas short sleeve T- Shirt,sm,Blue,True Royal,Bella/Canvas,3001,3.20
01,11014402,01. Canvas short sleeve T- Shirt,m,Blue,True Royal,Bella/Canvas,3001,3.20
01,11014403,01. Canvas short sleeve T- Shirt,l,Blue,True Royal,Bella/Canvas,3001,3.20
01,11014404,01. Canvas short sleeve T- Shirt,xl,Blue,True Royal,Bella/Canvas,3001,3.20
01,11014405,01. Canvas short sleeve T- Shirt,2x,Blue,True Royal,Bella/Canvas,3001,4.39
01,11014406,01. Canvas short sleeve T- Shirt,3x,Blue,True Royal,Bella/Canvas,3001,5.49
01,11014701,01. Canvas short sleeve T- Shirt,sm,Dark Red,maroon,Bella/Canvas,3001,3.20
01,11014702,01. Canvas short sleeve T- Shirt,m,Dark Red,maroon,Bella/Canvas,3001,3.20
01,11014703,01. Canvas short sleeve T- Shirt,l,Dark Red,maroon,Bella/Canvas,3001,3.20
01,11014704,01. Canvas short sleeve T- Shirt,xl,Dark Red,maroon,Bella/Canvas,3001,3.20
01,11014705,01. Canvas short sleeve T- Shirt,2x,Dark Red,maroon,Bella/Canvas,3001,4.39
01,11014706,01. Canvas short sleeve T- Shirt,3x,Dark Red,maroon,Bella/Canvas,3001,5.49
01,11014801,01. Canvas short sleeve T- Shirt,sm,Green,Kelly,Bella/Canvas,3001,3.20
01,11014802,01. Canvas short sleeve T- Shirt,m,Green,Kelly,Bella/Canvas,3001,3.20
01,11014803,01. Canvas short sleeve T- Shirt,l,Green,Kelly,Bella/Canvas,3001,3.20
01,11014804,01. Canvas short sleeve T- Shirt,xl,Green,Kelly,Bella/Canvas,3001,3.20
01,11014805,01. Canvas short sleeve T- Shirt,2x,Green,Kelly,Bella/Canvas,3001,4.39
01,11014806,01. Canvas short sleeve T- Shirt,3x,Green,Kelly,Bella/Canvas,3001,5.49
01,11014901,01. Canvas short sleeve T- Shirt,sm,Army,Army,Bella/Canvas,3001,3.20
01,11014902,01. Canvas short sleeve T- Shirt,m,Army,Army,Bella/Canvas,3001,3.20
01,11014903,01. Canvas short sleeve T- Shirt,l,Army,Army,Bella/Canvas,3001,3.20
01,11014904,01. Canvas short sleeve T- Shirt,xl,Army,Army,Bella/Canvas,3001,3.20
01,11014905,01. Canvas short sleeve T- Shirt,2x,Army,Army,Bella/Canvas,3001,4.39
01,11014906,01. Canvas short sleeve T- Shirt,3x,Army,Army,Bella/Canvas,3001,5.49
01,11018401,01. Canvas short sleeve T- Shirt,sm,Navy Heather,Heather Navy,Bella/Canvas,3001,3.39
01,11018402,01. Canvas short sleeve T- Shirt,m,Navy Heather,Heather Navy,Bella/Canvas,3001,3.39
01,11018403,01. Canvas short sleeve T- Shirt,l,Navy Heather,Heather Navy,Bella/Canvas,3001,3.39
01,11018404,01. Canvas short sleeve T- Shirt,xl,Navy Heather,Heather Navy,Bella/Canvas,3001,3.39
01,11018405,01. Canvas short sleeve T- Shirt,2x,Navy Heather,Heather Navy,Bella/Canvas,3001,4.56
01,11018201,01. Canvas short sleeve T- Shirt,sm,Royal Heather,Heather True Royal,Bella/Canvas,3001,3.39
01,11018202,01. Canvas short sleeve T- Shirt,m,Royal Heather,Heather True Royal,Bella/Canvas,3001,3.39
01,11018203,01. Canvas short sleeve T- Shirt,l,Royal Heather,Heather True Royal,Bella/Canvas,3001,3.39
01,11018204,01. Canvas short sleeve T- Shirt,xl,Royal Heather,Heather True Royal,Bella/Canvas,3001,3.39
01,11018205,01. Canvas short sleeve T- Shirt,2x,Royal Heather,Heather True Royal,Bella/Canvas,3001,4.56
01,11013401,01. Canvas short sleeve T- Shirt,sm,Steel Heather,Deep Heather,Bella/Canvas,3001,3.39
01,11013402,01. Canvas short sleeve T- Shirt,m,Steel Heather,Deep Heather,Bella/Canvas,3001,3.39
01,11013403,01. Canvas short sleeve T- Shirt,l,Steel Heather,Deep Heather,Bella/Canvas,3001,3.39
01,11013404,01. Canvas short sleeve T- Shirt,xl,Steel Heather,Deep Heather,Bella/Canvas,3001,3.39
01,11013405,01. Canvas short sleeve T- Shirt,2x,Steel Heather,Deep Heather,Bella/Canvas,3001,4.56
01,10016401,01. Canvas short sleeve T- Shirt,sm,Dark Green,Forest,Bella/Canvas,3001,3.20
01,10016402,01. Canvas short sleeve T- Shirt,m,Dark Green,Forest,Bella/Canvas,3001,3.20
01,10016403,01. Canvas short sleeve T- Shirt,l,Dark Green,Forest,Bella/Canvas,3001,3.20
01,10016404,01. Canvas short sleeve T- Shirt,xl,Dark Green,Forest,Bella/Canvas,3001,3.20
01,10016405,01. Canvas short sleeve T- Shirt,2x,Dark Green,Forest,Bella/Canvas,3001,4.39
01,10011601,01. Canvas short sleeve T- Shirt,sm,Coffee,Heather Brown,Bella/Canvas,3001,3.39
01,10011602,01. Canvas short sleeve T- Shirt,m,Coffee,Heather Brown,Bella/Canvas,3001,3.39
01,10011603,01. Canvas short sleeve T- Shirt,l,Coffee,Heather Brown,Bella/Canvas,3001,3.39
01,10011604,01. Canvas short sleeve T- Shirt,xl,Coffee,Heather Brown,Bella/Canvas,3001,3.39
01,10011605,01. Canvas short sleeve T- Shirt,2x,Coffee,Heather Brown,Bella/Canvas,3001,4.56
02,10020201,02. Bella womens short sleeve T-Shirt,sm,White,White,Bella/Canvas,6004,3.10
02,10020202,02. Bella womens short sleeve T-Shirt,m,White,White,Bella/Canvas,6004,3.10
02,10020203,02. Bella womens short sleeve T-Shirt,l,White,White,Bella/Canvas,6004,3.10
02,10020204,02. Bella womens short sleeve T-Shirt,xl,White,White,Bella/Canvas,6004,3.10
02,10020205,02. Bella womens short sleeve T-Shirt,2x,White,White,Bella/Canvas,6004,3.97
02,10020401,02. Bella womens short sleeve T-Shirt,sm,Black,Black,Bella/Canvas,6004,3.10
02,10020402,02. Bella womens short sleeve T-Shirt,m,Black,Black,Bella/Canvas,6004,3.10
02,10020403,02. Bella womens short sleeve T-Shirt,l,Black,Black,Bella/Canvas,6004,3.10
02,10020404,02. Bella womens short sleeve T-Shirt,xl,Black,Black,Bella/Canvas,6004,3.10
02,10020405,02. Bella womens short sleeve T-Shirt,2x,Black,Black,Bella/Canvas,6004,3.97
02,10020601,02. Bella womens short sleeve T-Shirt,sm,Brown,chocolate,Bella/Canvas,6004,3.10
02,10020602,02. Bella womens short sleeve T-Shirt,m,Brown,chocolate,Bella/Canvas,6004,3.10
02,10020603,02. Bella womens short sleeve T-Shirt,l,Brown,chocolate,Bella/Canvas,6004,3.10
02,10020604,02. Bella womens short sleeve T-Shirt,xl,Brown,chocolate,Bella/Canvas,6004,3.10
02,10020605,02. Bella womens short sleeve T-Shirt,2x,Brown,chocolate,Bella/Canvas,6004,3.97
02,10021101,02. Bella womens short sleeve T-Shirt,sm,Creme,soft crème,Bella/Canvas,6004,3.10
02,10021102,02. Bella womens short sleeve T-Shirt,m,Creme,soft crème,Bella/Canvas,6004,3.10
02,10021103,02. Bella womens short sleeve T-Shirt,l,Creme,soft crème,Bella/Canvas,6004,3.10
02,10021104,02. Bella womens short sleeve T-Shirt,xl,Creme,soft crème,Bella/Canvas,6004,3.10
02,10021105,02. Bella womens short sleeve T-Shirt,2x,Creme,soft crème,Bella/Canvas,6004,3.97
02,10021701,02. Bella womens short sleeve T-Shirt,sm,Gold,Gold,Bella/Canvas,6004,3.10
02,10021702,02. Bella womens short sleeve T-Shirt,m,Gold,Gold,Bella/Canvas,6004,3.10
02,10021703,02. Bella womens short sleeve T-Shirt,l,Gold,Gold,Bella/Canvas,6004,3.10
02,10021704,02. Bella womens short sleeve T-Shirt,xl,Gold,Gold,Bella/Canvas,6004,3.10
02,10021705,02. Bella womens short sleeve T-Shirt,2x,Gold,Gold,Bella/Canvas,6004,3.97
02,10022101,02. Bella womens short sleeve T-Shirt,sm,Heather grey,Heather grey,Bella/Canvas,6004,3.10
02,10022102,02. Bella womens short sleeve T-Shirt,m,Heather grey,Heather grey,Bella/Canvas,6004,3.10
02,10022103,02. Bella womens short sleeve T-Shirt,l,Heather grey,Heather grey,Bella/Canvas,6004,3.10
02,10022104,02. Bella womens short sleeve T-Shirt,xl,Heather grey,Heather grey,Bella/Canvas,6004,3.10
02,10022105,02. Bella womens short sleeve T-Shirt,2x,Heather grey,Heather grey,Bella/Canvas,6004,3.97
02,10022201,02. Bella womens short sleeve T-Shirt,sm,Hot Pink,Berry,Bella/Canvas,6004,3.10
02,10022202,02. Bella womens short sleeve T-Shirt,m,Hot Pink,Berry,Bella/Canvas,6004,3.10
02,10022203,02. Bella womens short sleeve T-Shirt,l,Hot Pink,Berry,Bella/Canvas,6004,3.10
02,10022204,02. Bella womens short sleeve T-Shirt,xl,Hot Pink,Berry,Bella/Canvas,6004,3.10
02,10022205,02. Bella womens short sleeve T-Shirt,2x,Hot Pink,Berry,Bella/Canvas,6004,3.96
02,10023801,02. Bella womens short sleeve T-Shirt,sm,Orange,Orange,Bella/Canvas,6004,3.10
02,10023802,02. Bella womens short sleeve T-Shirt,m,Orange,Orange,Bella/Canvas,6004,3.10
02,10023803,02. Bella womens short sleeve T-Shirt,l,Orange,Orange,Bella/Canvas,6004,3.10
02,10023804,02. Bella womens short sleeve T-Shirt,xl,Orange,Orange,Bella/Canvas,6004,3.10
02,10023805,02. Bella womens short sleeve T-Shirt,2x,Orange,Orange,Bella/Canvas,6004,3.97
02,10024001,02. Bella womens short sleeve T-Shirt,sm,Dark Blue,Navy,Bella/Canvas,6004,3.10
02,10024002,02. Bella womens short sleeve T-Shirt,m,Dark Blue,Navy,Bella/Canvas,6004,3.10
02,10024003,02. Bella womens short sleeve T-Shirt,l,Dark Blue,Navy,Bella/Canvas,6004,3.10
02,10024004,02. Bella womens short sleeve T-Shirt,xl,Dark Blue,Navy,Bella/Canvas,6004,3.10
02,10024005,02. Bella womens short sleeve T-Shirt,2x,Dark Blue,Navy,Bella/Canvas,6004,3.97
02,10024201,02. Bella womens short sleeve T-Shirt,sm,Purple,Purple,Bella/Canvas,6004,3.10
02,10024202,02. Bella womens short sleeve T-Shirt,m,Purple,Purple,Bella/Canvas,6004,3.10
02,10024203,02. Bella womens short sleeve T-Shirt,l,Purple,Purple,Bella/Canvas,6004,3.10
02,10024204,02. Bella womens short sleeve T-Shirt,xl,Purple,Purple,Bella/Canvas,6004,3.10
02,10024205,02. Bella womens short sleeve T-Shirt,2x,Purple,Purple,Bella/Canvas,6004,3.97
02,10024401,02. Bella womens short sleeve T-Shirt,sm,Red,Red,Bella/Canvas,6004,3.10
02,10024402,02. Bella womens short sleeve T-Shirt,m,Red,Red,Bella/Canvas,6004,3.10
02,10024403,02. Bella womens short sleeve T-Shirt,l,Red,Red,Bella/Canvas,6004,3.10
02,10024404,02. Bella womens short sleeve T-Shirt,xl,Red,Red,Bella/Canvas,6004,3.10
02,10024405,02. Bella womens short sleeve T-Shirt,2x,Red,Red,Bella/Canvas,6004,3.97
02,11024101,02. Bella womens short sleeve T-Shirt,sm,Light Grey,Silver,Bella/Canvas,6004,3.10
02,11024102,02. Bella womens short sleeve T-Shirt,m,Light Grey,Silver,Bella/Canvas,6004,3.10
02,11024103,02. Bella womens short sleeve T-Shirt,l,Light Grey,Silver,Bella/Canvas,6004,3.10
02,11024104,02. Bella womens short sleeve T-Shirt,xl,Light Grey,Silver,Bella/Canvas,6004,3.10
02,11024105,02. Bella womens short sleeve T-Shirt,2x,Light Grey,Silver,Bella/Canvas,6004,3.97
02,11024201,02. Bella womens short sleeve T-Shirt,sm,Dark Grey,Asphalt,Bella/Canvas,6004,3.10
02,11024202,02. Bella womens short sleeve T-Shirt,m,Dark Grey,Asphalt,Bella/Canvas,6004,3.10
02,11024203,02. Bella womens short sleeve T-Shirt,l,Dark Grey,Asphalt,Bella/Canvas,6004,3.10
02,11024204,02. Bella womens short sleeve T-Shirt,xl,Dark Grey,Asphalt,Bella/Canvas,6004,3.10
02,11024205,02. Bella womens short sleeve T-Shirt,2x,Dark Grey,Asphalt,Bella/Canvas,6004,3.97
02,11024301,02. Bella womens short sleeve T-Shirt,sm,Light Blue,Baby Blue,Bella/Canvas,6004,3.10
02,11024302,02. Bella womens short sleeve T-Shirt,m,Light Blue,Baby Blue,Bella/Canvas,6004,3.10
02,11024303,02. Bella womens short sleeve T-Shirt,l,Light Blue,Baby Blue,Bella/Canvas,6004,3.10
02,11024304,02. Bella womens short sleeve T-Shirt,xl,Light Blue,Baby Blue,Bella/Canvas,6004,3.10
02,11024305,02. Bella womens short sleeve T-Shirt,2x,Light Blue,Baby Blue,Bella/Canvas,6004,3.97
02,11024401,02. Bella womens short sleeve T-Shirt,sm,Blue,True Royal,Bella/Canvas,6004,3.10
02,11024402,02. Bella womens short sleeve T-Shirt,m,Blue,True Royal,Bella/Canvas,6004,3.10
02,11024403,02. Bella womens short sleeve T-Shirt,l,Blue,True Royal,Bella/Canvas,6004,3.10
02,11024404,02. Bella womens short sleeve T-Shirt,xl,Blue,True Royal,Bella/Canvas,6004,3.10
02,11024405,02. Bella womens short sleeve T-Shirt,2x,Blue,True Royal,Bella/Canvas,6004,3.97
02,11024701,02. Bella womens short sleeve T-Shirt,sm,Dark Red,maroon,Bella/Canvas,6004,3.10
02,11024702,02. Bella womens short sleeve T-Shirt,m,Dark Red,maroon,Bella/Canvas,6004,3.10
02,11024703,02. Bella womens short sleeve T-Shirt,l,Dark Red,maroon,Bella/Canvas,6004,3.10
02,11024704,02. Bella womens short sleeve T-Shirt,xl,Dark Red,maroon,Bella/Canvas,6004,3.10
02,11024705,02. Bella womens short sleeve T-Shirt,2x,Dark Red,maroon,Bella/Canvas,6004,3.97
02,11024801,02. Bella womens short sleeve T-Shirt,sm,Green,kelly,Bella/Canvas,6004,3.10
02,11024802,02. Bella womens short sleeve T-Shirt,m,Green,kelly,Bella/Canvas,6004,3.10
02,11024803,02. Bella womens short sleeve T-Shirt,l,Green,kelly,Bella/Canvas,6004,3.10
02,11024804,02. Bella womens short sleeve T-Shirt,xl,Green,kelly,Bella/Canvas,6004,3.10
02,11024805,02. Bella womens short sleeve T-Shirt,2x,Green,kelly,Bella/Canvas,6004,3.97
02,11024901,02. Bella womens short sleeve T-Shirt,sm,Army,Army,Bella/Canvas,6004,3.10
02,11024902,02. Bella womens short sleeve T-Shirt,m,Army,Army,Bella/Canvas,6004,3.10
02,11024903,02. Bella womens short sleeve T-Shirt,l,Army,Army,Bella/Canvas,6004,3.10
02,11024904,02. Bella womens short sleeve T-Shirt,xl,Army,Army,Bella/Canvas,6004,3.10
02,11024905,02. Bella womens short sleeve T-Shirt,2x,Army,Army,Bella/Canvas,6004,3.97
10,10104206,10. Perfect Tee - Ladies,3x,Purple,Purple Rush,Gildan,64000L,5.70
10,10106801,10. Perfect Tee - Ladies,sm,Maroon,Maroon,NLA,3900,2.85
10,10106802,10. Perfect Tee - Ladies,m,Maroon,Maroon,NLA,3900,2.85
10,10106803,10. Perfect Tee - Ladies,l,Maroon,Maroon,NLA,3900,2.85
10,10106804,10. Perfect Tee - Ladies,xl,Maroon,Maroon,NLA,3900,2.85
10,10106805,10. Perfect Tee - Ladies,2x,Maroon,Maroon,NLA,3900,3.60
10,10105801,10. Perfect Tee - Ladies,sm,Mint,Mint,NLA,3900,2.85
10,10105802,10. Perfect Tee - Ladies,m,Mint,Mint,NLA,3900,2.85
10,10105803,10. Perfect Tee - Ladies,l,Mint,Mint,NLA,3900,2.85
10,10105804,10. Perfect Tee - Ladies,xl,Mint,Mint,NLA,3900,2.85
10,10105805,10. Perfect Tee - Ladies,2x,Mint,Mint,NLA,3900,3.60
10,10100201,10. Perfect Tee - Ladies,sm,White,White,NLA,3900,2.85
10,10100202,10. Perfect Tee - Ladies,m,White,White,NLA,3900,2.85
10,10100203,10. Perfect Tee - Ladies,l,White,White,NLA,3900,2.85
10,10100204,10. Perfect Tee - Ladies,xl,White,White,NLA,3900,2.85
10,10100205,10. Perfect Tee - Ladies,2x,White,White,NLA,3900,3.60
10,10100206,10. Perfect Tee - Ladies,3x,White,White,Gildan,64000L,5.70
10,10100301,10. Perfect Tee - Ladies,sm,Banana,Banana Cream,NLA,3900,2.85
10,10100302,10. Perfect Tee - Ladies,m,Banana,Banana Cream,NLA,3900,2.85
10,10100303,10. Perfect Tee - Ladies,l,Banana,Banana Cream,NLA,3900,2.85
10,10100304,10. Perfect Tee - Ladies,xl,Banana,Banana Cream,NLA,3900,2.85
10,10100305,10. Perfect Tee - Ladies,2x,Banana,Banana Cream,NLA,3900,3.60
10,10100401,10. Perfect Tee - Ladies,sm,Black,Black,NLA,3900,2.85
10,10100402,10. Perfect Tee - Ladies,m,Black,Black,NLA,3900,2.85
10,10100403,10. Perfect Tee - Ladies,l,Black,Black,NLA,3900,2.85
10,10100404,10. Perfect Tee - Ladies,xl,Black,Black,NLA,3900,2.85
10,10100405,10. Perfect Tee - Ladies,2x,Black,Black,NLA,3900,3.60
10,10100406,10. Perfect Tee - Ladies,3x,Black,Black,Gildan,64000L,5.70
10,10100501,10. Perfect Tee - Ladies,sm,Bright Royal,Royal,NLA,3900,2.85
10,10100502,10. Perfect Tee - Ladies,m,Bright Royal,Royal,NLA,3900,2.85
10,10100503,10. Perfect Tee - Ladies,l,Bright Royal,Royal,NLA,3900,2.85
10,10100504,10. Perfect Tee - Ladies,xl,Bright Royal,Royal,NLA,3900,2.85
10,10100505,10. Perfect Tee - Ladies,2x,Bright Royal,Royal,NLA,3900,3.60
10,10100506,10. Perfect Tee - Ladies,3x,Bright Royal,Royal,Gildan,64000L,5.70
10,10100601,10. Perfect Tee - Ladies,sm,Brown,Dk Chocolate,NLA,3900,2.85
10,10100602,10. Perfect Tee - Ladies,m,Brown,Dk Chocolate,NLA,3900,2.85
10,10100603,10. Perfect Tee - Ladies,l,Brown,Dk Chocolate,NLA,3900,2.85
10,10100604,10. Perfect Tee - Ladies,xl,Brown,Dk Chocolate,NLA,3900,2.85
10,10100605,10. Perfect Tee - Ladies,2x,Brown,Dk Chocolate,NLA,3900,3.60
10,10100606,10. Perfect Tee - Ladies,3x,Brown,Dk Chocolate,Gildan,2000L,4.60
10,10101101,10. Perfect Tee - Ladies,sm,Creme,Ivory,NLA,3900,2.85
10,10101102,10. Perfect Tee - Ladies,m,Creme,Ivory,NLA,3900,2.85
10,10101103,10. Perfect Tee - Ladies,l,Creme,Ivory,NLA,3900,2.85
10,10101104,10. Perfect Tee - Ladies,xl,Creme,Ivory,NLA,3900,2.85
10,10101105,10. Perfect Tee - Ladies,2x,Creme,Ivory,NLA,3900,3.60
10,10101401,10. Perfect Tee - Ladies,sm,Dk Grey,Heavy Metal,NLA,3900,2.85
10,10101402,10. Perfect Tee - Ladies,m,Dk Grey,Heavy Metal,NLA,3900,2.85
10,10101403,10. Perfect Tee - Ladies,l,Dk Grey,Heavy Metal,NLA,3900,2.85
10,10101404,10. Perfect Tee - Ladies,xl,Dk Grey,Heavy Metal,NLA,3900,2.85
10,10101405,10. Perfect Tee - Ladies,2x,Dk Grey,Heavy Metal,NLA,3900,3.60
10,10101406,10. Perfect Tee - Ladies,3x,Dk Grey,Asphalt,Gildan,2000L,4.60
10,10102001,10. Perfect Tee - Ladies,sm,Turquoise,Turquoise,NLA,3900,2.85
10,10102002,10. Perfect Tee - Ladies,m,Turquoise,Turquoise,NLA,3900,2.85
10,10102003,10. Perfect Tee - Ladies,l,Turquoise,Turquoise,NLA,3900,2.85
10,10102004,10. Perfect Tee - Ladies,xl,Turquoise,Turquoise,NLA,3900,2.85
10,10102005,10. Perfect Tee - Ladies,2x,Turquoise,Turquoise,NLA,3900,3.60
10,10102101,10. Perfect Tee - Ladies,sm,Heather grey,Heather grey,NLA,3900,2.85
10,10102102,10. Perfect Tee - Ladies,m,Heather grey,Heather grey,NLA,3900,2.85
10,10102103,10. Perfect Tee - Ladies,l,Heather grey,Heather grey,NLA,3900,2.85
10,10102104,10. Perfect Tee - Ladies,xl,Heather grey,Heather grey,NLA,3900,2.85
10,10102105,10. Perfect Tee - Ladies,2x,Heather grey,Heather grey,NLA,3900,3.60
10,10102106,10. Perfect Tee - Ladies,3x,Heather grey,Heather grey,Gildan,2000L,4.60
10,10102201,10. Perfect Tee - Ladies,sm,Hot Pink,Hot Pink,NLA,3900,2.85
10,10102202,10. Perfect Tee - Ladies,m,Hot Pink,Hot Pink,NLA,3900,2.85
10,10102203,10. Perfect Tee - Ladies,l,Hot Pink,Hot Pink,NLA,3900,2.85
10,10102204,10. Perfect Tee - Ladies,xl,Hot Pink,Hot Pink,NLA,3900,2.85
10,10102205,10. Perfect Tee - Ladies,2x,Hot Pink,Hot Pink,NLA,3900,3.60
10,10102301,10. Perfect Tee - Ladies,sm,Indigo,Indigo,NLA,3900,2.85
10,10102302,10. Perfect Tee - Ladies,m,Indigo,Indigo,NLA,3900,2.85
10,10102303,10. Perfect Tee - Ladies,l,Indigo,Indigo,NLA,3900,2.85
10,10102304,10. Perfect Tee - Ladies,xl,Indigo,Indigo,NLA,3900,2.85
10,10102305,10. Perfect Tee - Ladies,2x,Indigo,Indigo,NLA,3900,3.60
10,10102401,10. Perfect Tee - Ladies,sm,Kelly Green,Kelly Green,NLA,3900,2.85
10,10102402,10. Perfect Tee - Ladies,m,Kelly Green,Kelly Green,NLA,3900,2.85
10,10102403,10. Perfect Tee - Ladies,l,Kelly Green,Kelly Green,NLA,3900,2.85
10,10102404,10. Perfect Tee - Ladies,xl,Kelly Green,Kelly Green,NLA,3900,2.85
10,10102405,10. Perfect Tee - Ladies,2x,Kelly Green,Kelly Green,NLA,3900,3.60
10,10102406,10. Perfect Tee - Ladies,3x,Kelly Green,Kelly Green,Gildan,2000L,4.60
10,10102601,10. Perfect Tee - Ladies,sm,Lt Blue,Lt Blue,Alstyle,5562,2.85
10,10102602,10. Perfect Tee - Ladies,m,Lt Blue,Lt Blue,Alstyle,5562,2.85
10,10102603,10. Perfect Tee - Ladies,l,Lt Blue,Lt Blue,Alstyle,5562,2.85
10,10102604,10. Perfect Tee - Ladies,xl,Lt Blue,Lt Blue,Alstyle,5562,2.85
10,10102605,10. Perfect Tee - Ladies,2x,Lt Blue,Lt Blue,Alstyle,5562,3.60
10,10102606,10. Perfect Tee - Ladies,3x,Lt Blue,Lt Blue,Gildan,64000L,5.70
10,10102701,10. Perfect Tee - Ladies,sm,Yellow,Vibrant Yellow,NLA,3900,2.85
10,10102702,10. Perfect Tee - Ladies,m,Yellow,Vibrant Yellow,NLA,3900,2.85
10,10102703,10. Perfect Tee - Ladies,l,Yellow,Vibrant Yellow,NLA,3900,2.85
10,10102704,10. Perfect Tee - Ladies,xl,Yellow,Vibrant Yellow,NLA,3900,2.85
10,10102705,10. Perfect Tee - Ladies,2x,Yellow,Vibrant Yellow,NLA,3900,3.60
10,10102901,10. Perfect Tee - Ladies,sm,Lt Olive,Light Olive,NLA,3900,2.85
10,10102902,10. Perfect Tee - Ladies,m,Lt Olive,Light Olive,NLA,3900,2.85
10,10102903,10. Perfect Tee - Ladies,l,Lt Olive,Light Olive,NLA,3900,2.85
10,10102904,10. Perfect Tee - Ladies,xl,Lt Olive,Light Olive,NLA,3900,2.85
10,10102905,10. Perfect Tee - Ladies,2x,Lt Olive,Light Olive,NLA,3900,3.60
10,10103001,10. Perfect Tee - Ladies,sm,Lt Pink,Lt Pink,NLA,3900,2.85
10,10103002,10. Perfect Tee - Ladies,m,Lt Pink,Lt Pink,NLA,3900,2.85
10,10103003,10. Perfect Tee - Ladies,l,Lt Pink,Lt Pink,NLA,3900,2.85
10,10103004,10. Perfect Tee - Ladies,xl,Lt Pink,Lt Pink,NLA,3900,2.85
10,10103005,10. Perfect Tee - Ladies,2x,Lt Pink,Lt Pink,NLA,3900,3.60
10,10103201,10. Perfect Tee - Ladies,sm,Midnight Navy,Midnight Navy,NLA,3900,2.85
10,10103202,10. Perfect Tee - Ladies,m,Midnight Navy,Midnight Navy,NLA,3900,2.85
10,10103203,10. Perfect Tee - Ladies,l,Midnight Navy,Midnight Navy,NLA,3900,2.85
10,10103204,10. Perfect Tee - Ladies,xl,Midnight Navy,Midnight Navy,NLA,3900,2.85
10,10103205,10. Perfect Tee - Ladies,2x,Midnight Navy,Midnight Navy,NLA,3900,3.60
10,10103206,10. Perfect Tee - Ladies,3x,Navy  ,Navy  ,Gildan,64000L,5.70
10,10103701,10. Perfect Tee - Ladies,sm,Smoke Grey,Warm Gray,NLA,3900,2.85
10,10103702,10. Perfect Tee - Ladies,m,Smoke Grey,Warm Gray,NLA,3900,2.85
10,10103703,10. Perfect Tee - Ladies,l,Smoke Grey,Warm Gray,NLA,3900,2.85
10,10103704,10. Perfect Tee - Ladies,xl,Smoke Grey,Warm Gray,NLA,3900,2.85
10,10103705,10. Perfect Tee - Ladies,2x,Smoke Grey,Warm Gray,NLA,3900,3.60
10,10104201,10. Perfect Tee - Ladies,sm,Purple,Purple Rush,NLA,3900,2.85
10,10104202,10. Perfect Tee - Ladies,m,Purple,Purple Rush,NLA,3900,2.85
10,10104203,10. Perfect Tee - Ladies,l,Purple,Purple Rush,NLA,3900,2.85
10,10104204,10. Perfect Tee - Ladies,xl,Purple,Purple Rush,NLA,3900,2.85
10,10104205,10. Perfect Tee - Ladies,2x,Purple,Purple Rush,NLA,3900,3.60
10,10104401,10. Perfect Tee - Ladies,sm,Red,Red,NLA,3900,2.85
10,10104402,10. Perfect Tee - Ladies,m,Red,Red,NLA,3900,2.85
10,10104403,10. Perfect Tee - Ladies,l,Red,Red,NLA,3900,2.85
10,10104404,10. Perfect Tee - Ladies,xl,Red,Red,NLA,3900,2.85
10,10104405,10. Perfect Tee - Ladies,2x,Red,Red,NLA,3900,3.60
10,10104406,10. Perfect Tee - Ladies,3x,Red,Red,Gildan,64000L,5.70
10,10104801,10. Perfect Tee - Ladies,sm,Sky Blue,Cancun,NLA,3900,2.85
10,10104802,10. Perfect Tee - Ladies,m,Sky Blue,Cancun,NLA,3900,2.85
10,10104803,10. Perfect Tee - Ladies,l,Sky Blue,Cancun,NLA,3900,2.85
10,10104804,10. Perfect Tee - Ladies,xl,Sky Blue,Cancun,NLA,3900,2.85
10,10104805,10. Perfect Tee - Ladies,2x,Sky Blue,Cancun,NLA,3900,3.60
10,10105201,10. Perfect Tee - Ladies,sm,Tahiti Blue,Tahiti Blue,NLA,3900,2.85
10,10105202,10. Perfect Tee - Ladies,m,Tahiti Blue,Tahiti Blue,NLA,3900,2.85
10,10105203,10. Perfect Tee - Ladies,l,Tahiti Blue,Tahiti Blue,NLA,3900,2.85
10,10105204,10. Perfect Tee - Ladies,xl,Tahiti Blue,Tahiti Blue,NLA,3900,2.85
10,10105205,10. Perfect Tee - Ladies,2x,Tahiti Blue,Tahiti Blue,NLA,3900,3.60
10,10109401,10. Perfect Tee - Ladies,sm,Bright Cardinal,Scarlet,NLA,3900,2.85
10,10109402,10. Perfect Tee - Ladies,m,Bright Cardinal,Scarlet,NLA,3900,2.85
10,10109403,10. Perfect Tee - Ladies,l,Bright Cardinal,Scarlet,NLA,3900,2.85
10,10109404,10. Perfect Tee - Ladies,xl,Bright Cardinal,Scarlet,NLA,3900,2.85
10,10109405,10. Perfect Tee - Ladies,2x,Bright Cardinal,Scarlet,NLA,3900,3.60
17,10170401,17. Triblend lightweight raglan pullover,sm,Black,Athletic Black,AA,br394,8.36
17,10170402,17. Triblend lightweight raglan pullover,m,Black,Athletic Black,AA,br394,8.36
17,10170403,17. Triblend lightweight raglan pullover,l,Black,Athletic Black,AA,br394,8.36
17,10174801,17. Triblend lightweight raglan pullover,sm,Sky blue,Athletic Blue,AA,br394,8.36
17,10174802,17. Triblend lightweight raglan pullover,m,Sky blue,Athletic Blue,AA,br394,8.36
17,10174803,17. Triblend lightweight raglan pullover,l,Sky blue,Athletic Blue,AA,br394,8.36
17,10177701,17. Triblend lightweight raglan pullover,sm,Steel,Athletic Grey,AA,br394,8.36
17,10177702,17. Triblend lightweight raglan pullover,m,Steel,Athletic Grey,AA,br394,8.36
17,10177703,17. Triblend lightweight raglan pullover,l,Steel,Athletic Grey,AA,br394,8.36
18,10180210,18. Infant Snap-Tee,6mo,White,White,Delta,9500,2.50
18,10180211,18. Infant Snap-Tee,12mo,White,White,Delta,9500,2.50
18,10180212,18. Infant Snap-Tee,18mo,White,White,Delta,9500,2.50
18,10180213,18. Infant Snap-Tee,24mo,White,White,Delta,9500,2.50
18,10180410,18. Infant Snap-Tee,6mo,Black,Black,Delta,9500,2.50
18,10180411,18. Infant Snap-Tee,12mo,Black,Black,Delta,9500,2.50
18,10180412,18. Infant Snap-Tee,18mo,Black,Black,Delta,9500,2.50
18,10180413,18. Infant Snap-Tee,24mo,Black,Black,Delta,9500,2.50
18,10182410,18. Infant Snap-Tee,6mo,Kelly Green,Kelly Green,Delta,9500,2.50
18,10182411,18. Infant Snap-Tee,12mo,Kelly Green,Kelly Green,Delta,9500,2.50
18,10182412,18. Infant Snap-Tee,18mo,Kelly Green,Kelly Green,Delta,9500,2.50
18,10182413,18. Infant Snap-Tee,24mo,Kelly Green,Kelly Green,Delta,9500,2.50
18,10182610,18. Infant Snap-Tee,6mo,Lt Blue,Sky Blue,Delta,9500,2.50
18,10182611,18. Infant Snap-Tee,12mo,Lt Blue,Sky Blue,Delta,9500,2.50
18,10182612,18. Infant Snap-Tee,18mo,Lt Blue,Sky Blue,Delta,9500,2.50
18,10182613,18. Infant Snap-Tee,24mo,Lt Blue,Sky Blue,Delta,9500,2.50
18,10184410,18. Infant Snap-Tee,6mo,Red,Red,Delta,9500,2.50
18,10184411,18. Infant Snap-Tee,12mo,Red,Red,Delta,9500,2.50
18,10184412,18. Infant Snap-Tee,18mo,Red,Red,Delta,9500,2.50
18,10184413,18. Infant Snap-Tee,24mo,Red,Red,Delta,9500,2.50
18,10184510,18. Infant Snap-Tee,6mo,Royal,Royal,Delta,9500,2.50
18,10184511,18. Infant Snap-Tee,12mo,Royal,Royal,Delta,9500,2.50
18,10184512,18. Infant Snap-Tee,18mo,Royal,Royal,Delta,9500,2.50
18,10184513,18. Infant Snap-Tee,24mo,Royal,Royal,Delta,9500,2.50
18,11188110,18. Infant Snap-Tee,6mo,Pink,Soft Pink,Delta,9500,2.50
18,11188111,18. Infant Snap-Tee,12mo,Pink,Soft Pink,Delta,9500,2.50
18,11188112,18. Infant Snap-Tee,18mo,Pink,Soft Pink,Delta,9500,2.50
18,11188113,18. Infant Snap-Tee,24mo,Pink,Soft Pink,Delta,9500,2.50
19,10190214,19. Toddler Tee,2T,White,White,Delta,65200,1.50
19,10190215,19. Toddler Tee,3t,White,White,Delta,65200,1.50
19,10190216,19. Toddler Tee,4T,White,White,Delta,65200,1.50
19,10190414,19. Toddler Tee,2T,Black,Black,Delta,65200,1.50
19,10190415,19. Toddler Tee,3t,Black,Black,Delta,65200,1.50
19,10190416,19. Toddler Tee,4T,Black,Black,Delta,65200,1.50
19,10191914,19. Toddler Tee,2T,Heather,Athletic Heather,Delta,65200,1.50
19,10191915,19. Toddler Tee,3t,Heather,Athletic Heather,Delta,65200,1.50
19,10191916,19. Toddler Tee,4T,Heather,Athletic Heather,Delta,65200,1.50
19,10192414,19. Toddler Tee,2T,Kelly Green,Kelly ,Delta,65200,1.50
19,10192415,19. Toddler Tee,3t,Kelly Green,Kelly ,Delta,65200,1.50
19,10192416,19. Toddler Tee,4T,Kelly Green,Kelly ,Delta,65200,1.50
19,10192714,19. Toddler Tee,2T,Yellow,Sunflower,Delta,65200,1.50
19,10192715,19. Toddler Tee,3t,Yellow,Sunflower,Delta,65200,1.50
19,10192716,19. Toddler Tee,4T,Yellow,Sunflower,Delta,65200,1.50
19,10193614,19. Toddler Tee,2T,Navy,Navy,Delta,65200,1.50
19,10193615,19. Toddler Tee,3t,Navy,Navy,Delta,65200,1.50
19,10193616,19. Toddler Tee,4T,Navy,Navy,Delta,65200,1.50
19,10193814,19. Toddler Tee,2T,Orange,Orange,Delta,65200,1.50
19,10193815,19. Toddler Tee,3t,Orange,Orange,Delta,65200,1.50
19,10193816,19. Toddler Tee,4T,Orange,Orange,Delta,65200,1.50
19,10194414,19. Toddler Tee,2T,Red,Red,Delta,65200,1.50
19,10194415,19. Toddler Tee,3t,Red,Red,Delta,65200,1.50
19,10194416,19. Toddler Tee,4T,Red,Red,Delta,65200,1.50
19,10194514,19. Toddler Tee,2T,Royal,Royal,Delta,65200,1.50
19,10194515,19. Toddler Tee,3t,Royal,Royal,Delta,65200,1.50
19,10194516,19. Toddler Tee,4T,Royal,Royal,Delta,65200,1.50
19,10199914,19. Toddler Tee,2T,Coastal Blue,Sky Blue,Delta,65200,1.50
19,10199915,19. Toddler Tee,3t,Coastal Blue,Sky Blue,Delta,65200,1.50
19,10199916,19. Toddler Tee,4T,Coastal Blue,Sky Blue,Delta,65200,1.50
19,11190314,19. Toddler Tee,2T,Soft Pink,Soft Pink,Delta,65200,1.50
19,11190315,19. Toddler Tee,3t,Soft Pink,Soft Pink,Delta,65200,1.50
19,11190316,19. Toddler Tee,4T,Soft Pink,Soft Pink,Delta,65200,1.50
20,10200217,20. Juvenile Tee,4,White,White,Delta,65300,1.75
20,10200218,20. Juvenile Tee,4,White,White,Delta,65300,1.75
20,10200219,20. Juvenile Tee,4,White,White,Delta,65300,1.75
20,10200417,20. Juvenile Tee,4,Black,Black,Delta,65300,1.75
20,10200418,20. Juvenile Tee,5j,Black,Black,Delta,65300,1.75
20,10200419,20. Juvenile Tee,7j,Black,Black,Delta,65300,1.75
20,10201917,20. Juvenile Tee,4,Heather,Heather,Delta,65300,1.75
20,10201918,20. Juvenile Tee,5j,Heather,Heather,Delta,65300,1.75
20,10201919,20. Juvenile Tee,7j,Heather,Heather,Delta,65300,1.75
20,10202717,20. Juvenile Tee,4,Yellow,Yellow,Delta,65300,1.75
20,10202718,20. Juvenile Tee,5j,Yellow,Yellow,Delta,65300,1.75
20,10202719,20. Juvenile Tee,7j,Yellow,Yellow,Delta,65300,1.75
20,10203617,20. Juvenile Tee,4,Navy,Navy,Delta,65300,1.75
20,10203618,20. Juvenile Tee,5j,Navy,Navy,Delta,65300,1.75
20,10203619,20. Juvenile Tee,7j,Navy,Navy,Delta,65300,1.75
20,10203817,20. Juvenile Tee,4,Orange,Orange,Delta,65300,1.75
20,10203818,20. Juvenile Tee,5j,Orange,Orange,Delta,65300,1.75
20,10203819,20. Juvenile Tee,7j,Orange,Orange,Delta,65300,1.75
20,10204417,20. Juvenile Tee,4,Red,Red,Delta,65300,1.75
20,10204418,20. Juvenile Tee,5j,Red,Red,Delta,65300,1.75
20,10204419,20. Juvenile Tee,7j,Red,Red,Delta,65300,1.75
20,10204517,20. Juvenile Tee,4,Royal,Royal,Delta,65300,1.75
20,10204518,20. Juvenile Tee,5j,Royal,Royal,Delta,65300,1.75
20,10204519,20. Juvenile Tee,7j,Royal,Royal,Delta,65300,1.75
30,10300201,30. Basic L/S - Mens,sm,White,White,Delta,61748,3.52
30,10300202,30. Basic L/S - Mens,m,White,White,Delta,61748,
30,10300203,30. Basic L/S - Mens,l,White,White,Delta,61748,
30,10300204,30. Basic L/S - Mens,xl,White,White,Delta,61748,
30,10300205,30. Basic L/S - Mens,2x,White,White,Delta,61748,
30,10300401,30. Basic L/S - Mens,sm,Black,Black,Delta,61748,3.40
30,10300402,30. Basic L/S - Mens,m,Black,Black,Delta,61748,3.40
30,10300403,30. Basic L/S - Mens,l,Black,Black,Delta,61748,3.40
30,10300404,30. Basic L/S - Mens,xl,Black,Black,Delta,61748,3.40
30,10300405,30. Basic L/S - Mens,2x,Black,Black,Delta,61748,4.40
30,10300501,30. Basic L/S - Mens,sm,Bright Royal,Bright Royal,Delta,61748,3.40
30,10300502,30. Basic L/S - Mens,m,Bright Royal,Bright Royal,Delta,61748,3.40
30,10300503,30. Basic L/S - Mens,l,Bright Royal,Bright Royal,Delta,61748,3.40
30,10300504,30. Basic L/S - Mens,xl,Bright Royal,Bright Royal,Delta,61748,3.40
30,10300505,30. Basic L/S - Mens,2x,Bright Royal,Bright Royal,Delta,61748,4.40
30,10300701,30. Basic L/S - Mens,sm,Cardinal,Cardinal,Delta,61748,3.40
30,10300702,30. Basic L/S - Mens,m,Cardinal,Cardinal,Delta,61748,3.40
30,10300703,30. Basic L/S - Mens,l,Cardinal,Cardinal,Delta,61748,3.40
30,10300704,30. Basic L/S - Mens,xl,Cardinal,Cardinal,Delta,61748,3.40
30,10300705,30. Basic L/S - Mens,2x,Cardinal,Cardinal,Delta,61748,4.40
30,10300901,30. Basic L/S - Mens,sm,True Navy,True Navy,Delta,61748,3.40
30,10300902,30. Basic L/S - Mens,m,True Navy,True Navy,Delta,61748,3.40
30,10300903,30. Basic L/S - Mens,l,True Navy,True Navy,Delta,61748,3.40
30,10300904,30. Basic L/S - Mens,xl,True Navy,True Navy,Delta,61748,3.40
30,10300905,30. Basic L/S - Mens,2x,True Navy,True Navy,Delta,61748,4.40
30,10301701,30. Basic L/S - Mens,sm,Gold,Gold,Delta,61748,3.40
30,10301702,30. Basic L/S - Mens,m,Gold,Gold,Delta,61748,3.40
30,10301703,30. Basic L/S - Mens,l,Gold,Gold,Delta,61748,3.40
30,10301704,30. Basic L/S - Mens,xl,Gold,Gold,Delta,61748,3.40
30,10301705,30. Basic L/S - Mens,2x,Gold,Gold,Delta,61748,4.40
30,10302601,30. Basic L/S - Mens,sm,Lt Blue,Lt Blue,Delta,61748,3.40
30,10302602,30. Basic L/S - Mens,m,Lt Blue,Lt Blue,Delta,61748,3.40
30,10302603,30. Basic L/S - Mens,l,Lt Blue,Lt Blue,Delta,61748,3.40
30,10302604,30. Basic L/S - Mens,xl,Lt Blue,Lt Blue,Delta,61748,3.40
30,10302605,30. Basic L/S - Mens,2x,Lt Blue,Lt Blue,Delta,61748,4.40
30,10303801,30. Basic L/S - Mens,sm,Orange,Orange,Delta,61748,3.40
30,10303802,30. Basic L/S - Mens,m,Orange,Orange,Delta,61748,3.40
30,10303803,30. Basic L/S - Mens,l,Orange,Orange,Delta,61748,3.40
30,10303804,30. Basic L/S - Mens,xl,Orange,Orange,Delta,61748,3.40
30,10303805,30. Basic L/S - Mens,2x,Orange,Orange,Delta,61748,4.40
30,10304201,30. Basic L/S - Mens,sm,Purple,Purple,Delta,61748,3.40
30,10304202,30. Basic L/S - Mens,m,Purple,Purple,Delta,61748,3.40
30,10304203,30. Basic L/S - Mens,l,Purple,Purple,Delta,61748,3.40
30,10304204,30. Basic L/S - Mens,xl,Purple,Purple,Delta,61748,3.40
30,10304205,30. Basic L/S - Mens,2x,Purple,Purple,Delta,61748,4.40
30,10304401,30. Basic L/S - Mens,sm,Red,Red,Delta,61748,3.40
30,10304402,30. Basic L/S - Mens,m,Red,Red,Delta,61748,3.40
30,10304403,30. Basic L/S - Mens,l,Red,Red,Delta,61748,3.40
30,10304404,30. Basic L/S - Mens,xl,Red,Red,Delta,61748,3.40
30,10304405,30. Basic L/S - Mens,2x,Red,Red,Delta,61748,4.40
30,10306401,30. Basic L/S - Mens,sm,Dark Green,Dark Green,Delta,61748,3.40
30,10306402,30. Basic L/S - Mens,m,Dark Green,Dark Green,Delta,61748,3.40
30,10306403,30. Basic L/S - Mens,l,Dark Green,Dark Green,Delta,61748,3.40
30,10306404,30. Basic L/S - Mens,xl,Dark Green,Dark Green,Delta,61748,3.40
30,10306405,30. Basic L/S - Mens,2x,Dark Green,Dark Green,Delta,61748,4.40
30,10306501,30. Basic L/S - Mens,sm,Soffe Oxford,Soffe Oxford,Delta,61748,3.40
30,10306502,30. Basic L/S - Mens,m,Soffe Oxford,Soffe Oxford,Delta,61748,3.40
30,10306503,30. Basic L/S - Mens,l,Soffe Oxford,Soffe Oxford,Delta,61748,3.40
30,10306504,30. Basic L/S - Mens,xl,Soffe Oxford,Soffe Oxford,Delta,61748,3.40
30,10306505,30. Basic L/S - Mens,2x,Soffe Oxford,Soffe Oxford,Delta,61748,4.40
30,10306801,30. Basic L/S - Mens,sm,Maroon,Maroon,Delta,61748,3.40
30,10306802,30. Basic L/S - Mens,m,Maroon,Maroon,Delta,61748,3.40
30,10306803,30. Basic L/S - Mens,l,Maroon,Maroon,Delta,61748,3.40
30,10306804,30. Basic L/S - Mens,xl,Maroon,Maroon,Delta,61748,3.40
30,10306805,30. Basic L/S - Mens,2x,Maroon,Maroon,Delta,61748,4.40
31,10310201,31. Raglan-Baseball Tee white/asphalt,sm,White,White/Asphalt,Bella/Canvas,3200,5.34
31,10310202,31. Raglan-Baseball Tee white/asphalt,m,White,White/Asphalt,Bella/Canvas,3200,5.34
31,10310203,31. Raglan-Baseball Tee white/asphalt,l,White,White/Asphalt,Bella/Canvas,3200,5.34
31,10310204,31. Raglan-Baseball Tee white/asphalt,xl,White,White/Asphalt,Bella/Canvas,3200,5.34
31,10310205,31. Raglan-Baseball Tee white/asphalt,2x,White,White/Asphalt,Bella/Canvas,3200,6.53
33,10330201,33. Raglan-Baseball Tee white/red,sm,White,White/Red,Bella/Canvas,3200,5.34
33,10330202,33. Raglan-Baseball Tee white/red,m,White,White/Red,Bella/Canvas,3200,5.34
33,10330203,33. Raglan-Baseball Tee white/red,l,White,White/Red,Bella/Canvas,3200,5.34
33,10330204,33. Raglan-Baseball Tee white/red,xl,White,White/Red,Bella/Canvas,3200,5.34
33,10330205,33. Raglan-Baseball Tee white/red,2x,White,White/Red,Bella/Canvas,3200,6.53
34,10340201,34. Raglan-Baseball Tee white/true royal,sm,White,White/True Royal,Bella/Canvas,3200,5.34
34,10340202,34. Raglan-Baseball Tee white/true royal,m,White,White/True Royal,Bella/Canvas,3200,5.34
34,10340203,34. Raglan-Baseball Tee white/true royal,l,White,White/True Royal,Bella/Canvas,3200,5.34
34,10340204,34. Raglan-Baseball Tee white/true royal,xl,White,White/True Royal,Bella/Canvas,3200,5.34
34,10340205,34. Raglan-Baseball Tee white/true royal,2x,White,White/True Royal,Bella/Canvas,3200,6.53
37,10370101,37. Flowy Muscle Tank,sm,Athletic heather,Athletic heather,Bella/Canvas,B8803,6.53
37,10370102,37. Flowy Muscle Tank,m,Athletic heather,Athletic heather,Bella/Canvas,B8803,6.53
37,10370103,37. Flowy Muscle Tank,l,Athletic heather,Athletic heather,Bella/Canvas,B8803,6.53
37,10370104,37. Flowy Muscle Tank,xl,Athletic heather,Athletic heather,Bella/Canvas,B8803,6.53
37,10370105,37. Flowy Muscle Tank,2x,Athletic heather,Athletic heather,Bella/Canvas,B8803,7.73
37,10370201,37. Flowy Muscle Tank,sm,White,white,Bella/Canvas,B8803,6.53
37,10370202,37. Flowy Muscle Tank,m,White,white,Bella/Canvas,B8803,6.53
37,10370203,37. Flowy Muscle Tank,l,White,white,Bella/Canvas,B8803,6.53
37,10370204,37. Flowy Muscle Tank,xl,White,white,Bella/Canvas,B8803,6.53
37,10370205,37. Flowy Muscle Tank,2x,White,white,Bella/Canvas,B8803,7.73
37,10370401,37. Flowy Muscle Tank,sm,Black,black,Bella/Canvas,B8803,6.53
37,10370402,37. Flowy Muscle Tank,m,Black,black,Bella/Canvas,B8803,6.53
37,10370403,37. Flowy Muscle Tank,l,Black,black,Bella/Canvas,B8803,6.53
37,10370404,37. Flowy Muscle Tank,xl,Black,black,Bella/Canvas,B8803,6.53
37,10370405,37. Flowy Muscle Tank,2x,Black,black,Bella/Canvas,B8803,7.73
37,10371001,37. Flowy Muscle Tank,sm,Charcoal Heather,black slub,Bella/Canvas,B8803,6.53
37,10371002,37. Flowy Muscle Tank,m,Charcoal Heather,black slub,Bella/Canvas,B8803,6.53
37,10371003,37. Flowy Muscle Tank,l,Charcoal Heather,black slub,Bella/Canvas,B8803,6.53
37,10371004,37. Flowy Muscle Tank,xl,Charcoal Heather,black slub,Bella/Canvas,B8803,6.53
37,10371005,37. Flowy Muscle Tank,2x,Charcoal Heather,black slub,Bella/Canvas,B8803,7.73
37,10373901,37. Flowy Muscle Tank,sm,Oxford,white slub,Bella/Canvas,B8803,6.53
37,10373902,37. Flowy Muscle Tank,m,Oxford,white slub,Bella/Canvas,B8803,6.53
37,10373903,37. Flowy Muscle Tank,l,Oxford,white slub,Bella/Canvas,B8803,6.53
37,10373904,37. Flowy Muscle Tank,xl,Oxford,white slub,Bella/Canvas,B8803,6.53
37,10373905,37. Flowy Muscle Tank,2x,Oxford,white slub,Bella/Canvas,B8803,7.73
37,10375801,37. Flowy Muscle Tank,sm,Mint,Mint,Bella/Canvas,B8803,6.53
37,10375802,37. Flowy Muscle Tank,m,Mint,Mint,Bella/Canvas,B8803,6.53
37,10375803,37. Flowy Muscle Tank,l,Mint,Mint,Bella/Canvas,B8803,6.53
37,10375804,37. Flowy Muscle Tank,xl,Mint,Mint,Bella/Canvas,B8803,6.53
37,10375805,37. Flowy Muscle Tank,2x,Mint,Mint,Bella/Canvas,B8803,7.73
37,11373401,37. Flowy Muscle Tank,sm,Steel Heather,asphalt slub,Bella/Canvas,B8803,6.53
37,11373402,37. Flowy Muscle Tank,m,Steel Heather,asphalt slub,Bella/Canvas,B8803,6.53
37,11373403,37. Flowy Muscle Tank,l,Steel Heather,asphalt slub,Bella/Canvas,B8803,6.53
37,11373404,37. Flowy Muscle Tank,xl,Steel Heather,asphalt slub,Bella/Canvas,B8803,6.53
37,11373405,37. Flowy Muscle Tank,2x,Steel Heather,asphalt slub,Bella/Canvas,B8803,7.73
38,10380201,38. Youth - S/S Tee,sm,White,White,Delta,11736,2.00
38,10380202,38. Youth - S/S Tee,m,White,White,Delta,11736,2.00
38,10380203,38. Youth - S/S Tee,l,White,White,Delta,11736,2.00
38,10380204,38. Youth - S/S Tee,xl,White,White,Delta,11736,2.00
38,10380221,38. Youth - S/S Tee,xs,White,White,Delta,11736,2.00
38,10380401,38. Youth - S/S Tee,sm,Black,Black,Delta,11736,2.00
38,10380402,38. Youth - S/S Tee,m,Black,Black,Delta,11736,2.00
38,10380403,38. Youth - S/S Tee,l,Black,Black,Delta,11736,2.00
38,10380404,38. Youth - S/S Tee,xl,Black,Black,Delta,11736,2.00
38,10380421,38. Youth - S/S Tee,xs,Black,Black,Delta,11736,2.00
38,10380701,38. Youth - S/S Tee,sm,Cardinal,Cardinal,Delta,11736,2.00
38,10380702,38. Youth - S/S Tee,m,Cardinal,Cardinal,Delta,11736,2.00
38,10380703,38. Youth - S/S Tee,l,Cardinal,Cardinal,Delta,11736,2.00
38,10380704,38. Youth - S/S Tee,xl,Cardinal,Cardinal,Delta,11736,2.00
38,10380721,38. Youth - S/S Tee,xs,Cardinal,Cardinal,Delta,11736,2.00
38,10383501,38. Youth - S/S Tee,sm,Moss,Moss,Delta,11736,2.00
38,10383502,38. Youth - S/S Tee,m,Moss,Moss,Delta,11736,2.00
38,10383503,38. Youth - S/S Tee,l,Moss,Moss,Delta,11736,2.00
38,10383504,38. Youth - S/S Tee,xl,Moss,Moss,Delta,11736,2.00
38,10383521,38. Youth - S/S Tee,xs,Moss,Moss,Delta,11736,2.00
38,10383601,38. Youth - S/S Tee,sm,Navy,Navy,Delta,11736,2.00
38,10383602,38. Youth - S/S Tee,m,Navy,Navy,Delta,11736,2.00
38,10383603,38. Youth - S/S Tee,l,Navy,Navy,Delta,11736,2.00
38,10383604,38. Youth - S/S Tee,xl,Navy,Navy,Delta,11736,2.00
38,10383621,38. Youth - S/S Tee,xs,Navy,Navy,Delta,11736,2.00
38,10383801,38. Youth - S/S Tee,sm,Orange,Orange,Delta,11736,2.00
38,10383802,38. Youth - S/S Tee,m,Orange,Orange,Delta,11736,2.00
38,10383803,38. Youth - S/S Tee,l,Orange,Orange,Delta,11736,2.00
38,10383804,38. Youth - S/S Tee,xl,Orange,Orange,Delta,11736,2.00
38,10383821,38. Youth - S/S Tee,xs,Orange,Orange,Delta,11736,2.00
38,10383901,38. Youth - S/S Tee,sm,Oxford,Athletic Heather,Delta,11736,2.00
38,10383902,38. Youth - S/S Tee,m,Oxford,Athletic Heather,Delta,11736,2.00
38,10383903,38. Youth - S/S Tee,l,Oxford,Athletic Heather,Delta,11736,2.00
38,10383904,38. Youth - S/S Tee,xl,Oxford,Athletic Heather,Delta,11736,2.00
38,10383921,38. Youth - S/S Tee,xs,Oxford,Athletic Heather,Delta,11736,2.00
38,10384201,38. Youth - S/S Tee,sm,Purple,Purple,Delta,11736,2.00
38,10384202,38. Youth - S/S Tee,m,Purple,Purple,Delta,11736,2.00
38,10384203,38. Youth - S/S Tee,l,Purple,Purple,Delta,11736,2.00
38,10384204,38. Youth - S/S Tee,xl,Purple,Purple,Delta,11736,2.00
38,10384221,38. Youth - S/S Tee,xs,Purple,Purple,Delta,11736,2.00
38,10384401,38. Youth - S/S Tee,sm,Red,Red,Delta,11736,2.00
38,10384402,38. Youth - S/S Tee,m,Red,Red,Delta,11736,2.00
38,10384403,38. Youth - S/S Tee,l,Red,Red,Delta,11736,2.00
38,10384404,38. Youth - S/S Tee,xl,Red,Red,Delta,11736,2.00
38,10384421,38. Youth - S/S Tee,xs,Red,Red,Delta,11736,2.00
38,10384501,38. Youth - S/S Tee,sm,Royal,Royal,Delta,11736,2.00
38,10384502,38. Youth - S/S Tee,m,Royal,Royal,Delta,11736,2.00
38,10384503,38. Youth - S/S Tee,l,Royal,Royal,Delta,11736,2.00
38,10384504,38. Youth - S/S Tee,xl,Royal,Royal,Delta,11736,2.00
38,10384521,38. Youth - S/S Tee,xs,Royal,Royal,Delta,11736,2.00
38,10386401,38. Youth - S/S Tee,sm,Dark Green,Dark Green,Delta,11736,2.00
38,10386402,38. Youth - S/S Tee,m,Dark Green,Dark Green,Delta,11736,2.00
38,10386403,38. Youth - S/S Tee,l,Dark Green,Dark Green,Delta,11736,2.00
38,10386404,38. Youth - S/S Tee,xl,Dark Green,Dark Green,Delta,11736,2.00
38,10386421,38. Youth - S/S Tee,xs,Dark Green,Dark Green,Delta,11736,2.00
38,10386801,38. Youth - S/S Tee,sm,Maroon,Maroon,Delta,11736,2.00
38,10386802,38. Youth - S/S Tee,m,Maroon,Maroon,Delta,11736,2.00
38,10386803,38. Youth - S/S Tee,l,Maroon,Maroon,Delta,11736,2.00
38,10386804,38. Youth - S/S Tee,xl,Maroon,Maroon,Delta,11736,2.00
38,10386821,38. Youth - S/S Tee,xs,Maroon,Maroon,Delta,11736,2.00
39,10390201,39. Classic S/S Tee - Mens,sm,White,White,Delta,11730,2.00
39,10390202,39. Classic S/S Tee - Mens,m,White,White,Delta,11730,2.00
39,10390203,39. Classic S/S Tee - Mens,l,White,White,Delta,11730,2.00
39,10390204,39. Classic S/S Tee - Mens,xl,White,White,Delta,11730,2.00
39,10390205,39. Classic S/S Tee - Mens,2x,White,White,Delta,11730,3.00
39,10390206,39. Classic S/S Tee - Mens,3x,White,White,Delta,11730,3.25
39,10390401,39. Classic S/S Tee - Mens,sm,Black,Black,Delta,11730,2.00
39,10390402,39. Classic S/S Tee - Mens,m,Black,Black,Delta,11730,2.00
39,10390403,39. Classic S/S Tee - Mens,l,Black,Black,Delta,11730,2.00
39,10390404,39. Classic S/S Tee - Mens,xl,Black,Black,Delta,11730,2.00
39,10390405,39. Classic S/S Tee - Mens,2x,Black,Black,Delta,11730,3.00
39,10390406,39. Classic S/S Tee - Mens,3x,Black,Black,Delta,11730,3.25
39,10391001,39. Classic S/S Tee - Mens,sm,Charcoal Heather,Charcoal Heather,Delta,11730,2.00
39,10391002,39. Classic S/S Tee - Mens,m,Charcoal Heather,Charcoal Heather,Delta,11730,2.00
39,10391003,39. Classic S/S Tee - Mens,l,Charcoal Heather,Charcoal Heather,Delta,11730,2.00
39,10391004,39. Classic S/S Tee - Mens,xl,Charcoal Heather,Charcoal Heather,Delta,11730,2.00
39,10391005,39. Classic S/S Tee - Mens,2x,Charcoal Heather,Charcoal Heather,Delta,11730,3.00
39,10391006,39. Classic S/S Tee - Mens,3x,Charcoal Heather,Charcoal Heather,Delta,11730,3.25
39,10391201,39. Classic S/S Tee - Mens,sm,Deep Royal,Royal,Delta,11730,2.00
39,10391202,39. Classic S/S Tee - Mens,m,Deep Royal,Royal,Delta,11730,2.00
39,10391203,39. Classic S/S Tee - Mens,l,Deep Royal,Royal,Delta,11730,2.00
39,10391204,39. Classic S/S Tee - Mens,xl,Deep Royal,Royal,Delta,11730,2.00
39,10391205,39. Classic S/S Tee - Mens,2x,Deep Royal,Royal,Delta,11730,3.00
39,10391206,39. Classic S/S Tee - Mens,3x,Deep Royal,Royal,Delta,11730,3.25
39,10392401,39. Classic S/S Tee - Mens,sm,Kelly Green,Kelly Green,Delta,11730,2.00
39,10392402,39. Classic S/S Tee - Mens,m,Kelly Green,Kelly Green,Delta,11730,2.00
39,10392403,39. Classic S/S Tee - Mens,l,Kelly Green,Kelly Green,Delta,11730,2.00
39,10392404,39. Classic S/S Tee - Mens,xl,Kelly Green,Kelly Green,Delta,11730,2.00
39,10392405,39. Classic S/S Tee - Mens,2x,Kelly Green,Kelly Green,Delta,11730,3.00
39,10392406,39. Classic S/S Tee - Mens,3x,Kelly Green,Kelly Green,Delta,11730,3.25
39,10393501,39. Classic S/S Tee - Mens,sm,Moss,Moss,Delta,11730,2.00
39,10393502,39. Classic S/S Tee - Mens,m,Moss,Moss,Delta,11730,2.00
39,10393503,39. Classic S/S Tee - Mens,l,Moss,Moss,Delta,11730,2.00
39,10393504,39. Classic S/S Tee - Mens,xl,Moss,Moss,Delta,11730,2.00
39,10393505,39. Classic S/S Tee - Mens,2x,Moss,Moss,Delta,11730,3.00
39,10393506,39. Classic S/S Tee - Mens,3x,Moss,Moss,Delta,11730,3.25
39,10394301,39. Classic S/S Tee - Mens,sm,Putty,Putty,Delta,11730,2.00
39,10394302,39. Classic S/S Tee - Mens,m,Putty,Putty,Delta,11730,2.00
39,10394303,39. Classic S/S Tee - Mens,l,Putty,Putty,Delta,11730,2.00
39,10394304,39. Classic S/S Tee - Mens,xl,Putty,Putty,Delta,11730,2.00
39,10394305,39. Classic S/S Tee - Mens,2x,Putty,Putty,Delta,11730,3.00
39,10394306,39. Classic S/S Tee - Mens,3x,Putty,Putty,Delta,11730,3.25
39,10396401,39. Classic S/S Tee - Mens,sm,Dark Green,Forest,Delta,11730,2.00
39,10396402,39. Classic S/S Tee - Mens,m,Dark Green,Forest,Delta,11730,2.00
39,10396403,39. Classic S/S Tee - Mens,l,Dark Green,Forest,Delta,11730,2.00
39,10396404,39. Classic S/S Tee - Mens,xl,Dark Green,Forest,Delta,11730,2.00
39,10396405,39. Classic S/S Tee - Mens,2x,Dark Green,Forest,Delta,11730,3.00
39,10396406,39. Classic S/S Tee - Mens,3x,Dark Green,Forest,Delta,11730,3.25
39,10396706,39. Classic S/S Tee - Mens,3x,Carolina,Sky Blue,Delta,11730,3.75
39,10397701,39. Classic S/S Tee - Mens,sm,Steel,Athletic Heather,Delta,11730,2.00
39,10397702,39. Classic S/S Tee - Mens,m,Steel,Athletic Heather,Delta,11730,2.00
39,10397703,39. Classic S/S Tee - Mens,l,Steel,Athletic Heather,Delta,11730,2.00
39,10397704,39. Classic S/S Tee - Mens,xl,Steel,Athletic Heather,Delta,11730,2.00
39,10397705,39. Classic S/S Tee - Mens,2x,Steel,Athletic Heather,Delta,11730,3.00
39,10397706,39. Classic S/S Tee - Mens,3x,Steel,Athletic Heather,Delta,11730,3.25
39,10397801,39. Classic S/S Tee - Mens,sm,Athletic Red,Red,Delta,11730,2.00
39,10397802,39. Classic S/S Tee - Mens,m,Athletic Red,Red,Delta,11730,2.00
39,10397803,39. Classic S/S Tee - Mens,l,Athletic Red,Red,Delta,11730,2.00
39,10397804,39. Classic S/S Tee - Mens,xl,Athletic Red,Red,Delta,11730,2.00
39,10397805,39. Classic S/S Tee - Mens,2x,Athletic Red,Red,Delta,11730,3.00
39,10397806,39. Classic S/S Tee - Mens,3x,Athletic Red,Red,Delta,11730,3.25
39,10397901,39. Classic S/S Tee - Mens,sm,Athletic Navy,Navy,Delta,11730,2.00
39,10397902,39. Classic S/S Tee - Mens,m,Athletic Navy,Navy,Delta,11730,2.00
39,10397903,39. Classic S/S Tee - Mens,l,Athletic Navy,Navy,Delta,11730,2.00
39,10397904,39. Classic S/S Tee - Mens,xl,Athletic Navy,Navy,Delta,11730,2.00
39,10397905,39. Classic S/S Tee - Mens,2x,Athletic Navy,Navy,Delta,11730,3.00
39,10397906,39. Classic S/S Tee - Mens,3x,Athletic Navy,Navy,Delta,11730,3.25
39,10398401,39. Classic S/S Tee - Mens,sm,Dark Purple,Purple,Delta,11730,2.00
39,10398402,39. Classic S/S Tee - Mens,m,Dark Purple,Purple,Delta,11730,2.00
39,10398403,39. Classic S/S Tee - Mens,l,Dark Purple,Purple,Delta,11730,2.00
39,10398404,39. Classic S/S Tee - Mens,xl,Dark Purple,Purple,Delta,11730,2.00
39,10398405,39. Classic S/S Tee - Mens,2x,Dark Purple,Purple,Delta,11730,3.00
39,10398406,39. Classic S/S Tee - Mens,3x,Dark Purple,Purple,Delta,11730,3.25
39,10398601,39. Classic S/S Tee - Mens,sm,Yellow Gold,Gold,Delta,11730,2.00
39,10398602,39. Classic S/S Tee - Mens,m,Yellow Gold,Gold,Delta,11730,2.00
39,10398603,39. Classic S/S Tee - Mens,l,Yellow Gold,Gold,Delta,11730,2.00
39,10398604,39. Classic S/S Tee - Mens,xl,Yellow Gold,Gold,Delta,11730,2.00
39,10398605,39. Classic S/S Tee - Mens,2x,Yellow Gold,Gold,Delta,11730,3.00
39,10398606,39. Classic S/S Tee - Mens,3x,Yellow Gold,Gold,Delta,11730,3.25
39,10398701,39. Classic S/S Tee - Mens,sm,Dark Orange,Orange,Delta,11730,2.00
39,10398702,39. Classic S/S Tee - Mens,m,Dark Orange,Orange,Delta,11730,2.00
39,10398703,39. Classic S/S Tee - Mens,l,Dark Orange,Orange,Delta,11730,2.00
39,10398704,39. Classic S/S Tee - Mens,xl,Dark Orange,Orange,Delta,11730,2.00
39,10398705,39. Classic S/S Tee - Mens,2x,Dark Orange,Orange,Delta,11730,3.00
39,10398706,39. Classic S/S Tee - Mens,3x,Dark Orange,Orange,Delta,11730,3.25
39,10399401,39. Classic S/S Tee - Mens,sm,Bright Cardinal,Cardinal,Delta,11730,2.00
39,10399402,39. Classic S/S Tee - Mens,m,Bright Cardinal,Cardinal,Delta,11730,2.00
39,10399403,39. Classic S/S Tee - Mens,l,Bright Cardinal,Cardinal,Delta,11730,2.00
39,10399404,39. Classic S/S Tee - Mens,xl,Bright Cardinal,Cardinal,Delta,11730,2.00
39,10399405,39. Classic S/S Tee - Mens,2x,Bright Cardinal,Cardinal,Delta,11730,3.00
39,10399406,39. Classic S/S Tee - Mens,3x,Bright Cardinal,Cardinal,Delta,11730,3.25
39,10399801,39. Classic S/S Tee - Mens,sm,Classic Brown,Dark Chocolate,Delta,11730,2.00
39,10399802,39. Classic S/S Tee - Mens,m,Classic Brown,Dark Chocolate,Delta,11730,2.00
39,10399803,39. Classic S/S Tee - Mens,l,Classic Brown,Dark Chocolate,Delta,11730,2.00
39,10399804,39. Classic S/S Tee - Mens,xl,Classic Brown,Dark Chocolate,Delta,11730,2.00
39,10399805,39. Classic S/S Tee - Mens,2x,Classic Brown,Dark Chocolate,Delta,11730,3.00
39,10399806,39. Classic S/S Tee - Mens,3x,Classic Brown,Dark Chocolate,Delta,11730,3.25
39,10399901,39. Classic S/S Tee - Mens,sm,Coastal Blue,Sky Blue,Gildan,2000,2.00
39,10399902,39. Classic S/S Tee - Mens,m,Coastal Blue,Sky Blue,Gildan,2000,2.00
39,10399903,39. Classic S/S Tee - Mens,l,Coastal Blue,Sky Blue,Gildan,2000,2.00
39,10399904,39. Classic S/S Tee - Mens,xl,Coastal Blue,Sky Blue,Gildan,2000,2.00
39,10399905,39. Classic S/S Tee - Mens,2x,Coastal Blue,Sky Blue,Gildan,2000,3.00
39,10399906,39. Classic S/S Tee - Mens,3x,Coastal Blue,Sky Blue,Gildan,2000,3.25
50,10500401,50. 9oz Fleece Crew 99100,sm,Black,Black (solid),Delta,Delta 99100,9.20
50,10500402,50. 9oz Fleece Crew 99100,m,Black,Black (solid),Delta,Delta 99100,9.20
50,10500403,50. 9oz Fleece Crew 99100,l,Black,Black (solid),Delta,Delta 99100,9.20
50,10500404,50. 9oz Fleece Crew 99100,xl,Black,Black (solid),Delta,Delta 99100,9.20
50,10500405,50. 9oz Fleece Crew 99100,2x,Black,Black (solid),Delta,Delta 99100,10.20
50,10500406,50. 9oz Fleece Crew 99100,3x,Black,Black (solid),Delta,Delta 99100,11.20
50,10501001,50. 9oz Fleece Crew 99100,sm,Charcoal Heather,Charcoal Heather,Delta,Delta 99100,9.20
50,10501002,50. 9oz Fleece Crew 99100,m,Charcoal Heather,Charcoal Heather,Delta,Delta 99100,9.20
50,10501003,50. 9oz Fleece Crew 99100,l,Charcoal Heather,Charcoal Heather,Delta,Delta 99100,9.20
50,10501004,50. 9oz Fleece Crew 99100,xl,Charcoal Heather,Charcoal Heather,Delta,Delta 99100,9.20
50,10501005,50. 9oz Fleece Crew 99100,2x,Charcoal Heather,Charcoal Heather,Delta,Delta 99100,10.20
50,10501006,50. 9oz Fleece Crew 99100,3X,Charcoal Heather,Charcoal Heather,Delta,Delta 99100,11.20
50,10503601,50. 9oz Fleece Crew 99100,sm,Navy,Athletic Navy (solid),Delta,Delta 99100,9.20
50,10503602,50. 9oz Fleece Crew 99100,m,Navy,Athletic Navy (solid),Delta,Delta 99100,9.20
50,10503603,50. 9oz Fleece Crew 99100,l,Navy,Athletic Navy (solid),Delta,Delta 99100,9.20
50,10503604,50. 9oz Fleece Crew 99100,xl,Navy,Athletic Navy (solid),Delta,Delta 99100,9.20
50,10503605,50. 9oz Fleece Crew 99100,2x,Navy,Athletic Navy (solid),Delta,Delta 99100,10.20
50,10503606,50. 9oz Fleece Crew 99100,3X,Navy,Athletic Navy (solid),Delta,Delta 99100,11.20
50,10504401,50. 9oz Fleece Crew 99100,sm,Red,Red (Solid,Delta,Delta 99100,9.20
50,10504402,50. 9oz Fleece Crew 99100,m,Red,Red (Solid,Delta,Delta 99100,9.20
50,10504403,50. 9oz Fleece Crew 99100,l,Red,Red (Solid,Delta,Delta 99100,9.20
50,10504404,50. 9oz Fleece Crew 99100,xl,Red,Red (Solid,Delta,Delta 99100,9.20
50,10504405,50. 9oz Fleece Crew 99100,2x,Red,Red (Solid,Delta,Delta 99100,10.20
50,10504406,50. 9oz Fleece Crew 99100,3X,Red,Red (Solid,Delta,Delta 99100,11.20
50,10504501,50. 9oz Fleece Crew 99100,sm,Royal,Royal (solid),Delta,Delta 99100,9.20
50,10504502,50. 9oz Fleece Crew 99100,m,Royal,Royal (solid),Delta,Delta 99100,9.20
50,10504503,50. 9oz Fleece Crew 99100,l,Royal,Royal (solid),Delta,Delta 99100,9.20
50,10504504,50. 9oz Fleece Crew 99100,xl,Royal,Royal (solid),Delta,Delta 99100,9.20
50,10504505,50. 9oz Fleece Crew 99100,2x,Royal,Royal (solid),Delta,Delta 99100,10.20
50,10504506,50. 9oz Fleece Crew 99100,3X,Royal,Royal (solid),Delta,Delta 99100,11.20
50,11503401,50. 9oz Fleece Crew 99100,sm,Steel Heather,Athletic Heather,Delta,Delta 99100,9.20
50,11503402,50. 9oz Fleece Crew 99100,m,Steel Heather,Athletic Heather,Delta,Delta 99100,9.20
50,11503403,50. 9oz Fleece Crew 99100,l,Steel Heather,Athletic Heather,Delta,Delta 99100,9.20
50,11503404,50. 9oz Fleece Crew 99100,xl,Steel Heather,Athletic Heather,Delta,Delta 99100,9.20
50,11503405,50. 9oz Fleece Crew 99100,2x,Steel Heather,Athletic Heather,Delta,Delta 99100,10.20
50,11503406,50. 9oz Fleece Crew 99100,3X,Steel Heather,Athletic Heather,Delta,Delta 99100,11.20
50,11507601,50. 9oz Fleece Crew 99100,sm,Oatmeal,Oatmeal,Delta,Delta 99100,9.20
50,11507602,50. 9oz Fleece Crew 99100,m,Oatmeal,Oatmeal,Delta,Delta 99100,9.20
50,11507603,50. 9oz Fleece Crew 99100,l,Oatmeal,Oatmeal,Delta,Delta 99100,9.20
50,11507604,50. 9oz Fleece Crew 99100,xl,Oatmeal,Oatmeal,Delta,Delta 99100,9.20
50,11507605,50. 9oz Fleece Crew 99100,2x,Oatmeal,Oatmeal,Delta,Delta 99100,10.20
50,11507606,50. 9oz Fleece Crew 99100,3X,Oatmeal,Oatmeal,Delta,Delta 99100,11.20
51,10510401,51. 9oz Fleece Hoodie 99200,sm,Black,Black (solid),Delta,Delta 99200,11.60
51,10510402,51. 9oz Fleece Hoodie 99200,m,Black,Black (solid),Delta,Delta 99200,11.60
51,10510403,51. 9oz Fleece Hoodie 99200,l,Black,Black (solid),Delta,Delta 99200,11.60
51,10510404,51. 9oz Fleece Hoodie 99200,xl,Black,Black (solid),Delta,Delta 99200,11.60
51,10510405,51. 9oz Fleece Hoodie 99200,2x,Black,Black (solid),Delta,Delta 99200,12.60
51,10510406,51. 9oz Fleece Hoodie 99200,3x,Black,Black (solid),Delta,Delta 99200,13.60
51,10511001,51. 9oz Fleece Hoodie 99200,sm,Charcoal Heather,Charcoal Heather,Delta,Delta 99200,11.60
51,10511002,51. 9oz Fleece Hoodie 99200,m,Charcoal Heather,Charcoal Heather,Delta,Delta 99200,11.60
51,10511003,51. 9oz Fleece Hoodie 99200,l,Charcoal Heather,Charcoal Heather,Delta,Delta 99200,11.60
51,10511004,51. 9oz Fleece Hoodie 99200,xl,Charcoal Heather,Charcoal Heather,Delta,Delta 99200,11.60
51,10511005,51. 9oz Fleece Hoodie 99200,2x,Charcoal Heather,Charcoal Heather,Delta,Delta 99200,12.60
51,10511006,51. 9oz Fleece Hoodie 99200,3X,Charcoal Heather,Charcoal Heather,Delta,Delta 99200,13.60
51,10513601,51. 9oz Fleece Hoodie 99200,sm,Navy,Athletic Navy (solid),Delta,Delta 99200,11.60
51,10513602,51. 9oz Fleece Hoodie 99200,m,Navy,Athletic Navy (solid),Delta,Delta 99200,11.60
51,10513603,51. 9oz Fleece Hoodie 99200,l,Navy,Athletic Navy (solid),Delta,Delta 99200,11.60
51,10513604,51. 9oz Fleece Hoodie 99200,xl,Navy,Athletic Navy (solid),Delta,Delta 99200,11.60
51,10513605,51. 9oz Fleece Hoodie 99200,2x,Navy,Athletic Navy (solid),Delta,Delta 99200,12.60
51,10513606,51. 9oz Fleece Hoodie 99200,3X,Navy,Athletic Navy (solid),Delta,Delta 99200,13.60
51,10514401,51. 9oz Fleece Hoodie 99200,sm,Red,Red (Solid,Delta,Delta 99200,11.60
51,10514402,51. 9oz Fleece Hoodie 99200,m,Red,Red (Solid,Delta,Delta 99200,11.60
51,10514403,51. 9oz Fleece Hoodie 99200,l,Red,Red (Solid,Delta,Delta 99200,11.60
51,10514404,51. 9oz Fleece Hoodie 99200,xl,Red,Red (Solid,Delta,Delta 99200,11.60
51,10514405,51. 9oz Fleece Hoodie 99200,2x,Red,Red (Solid,Delta,Delta 99200,12.60
51,10514406,51. 9oz Fleece Hoodie 99200,3X,Red,Red (Solid,Delta,Delta 99200,13.60
51,10514501,51. 9oz Fleece Hoodie 99200,sm,Royal,Royal (solid),Delta,Delta 99200,11.60
51,10514502,51. 9oz Fleece Hoodie 99200,m,Royal,Royal (solid),Delta,Delta 99200,11.60
51,10514503,51. 9oz Fleece Hoodie 99200,l,Royal,Royal (solid),Delta,Delta 99200,11.60
51,10514504,51. 9oz Fleece Hoodie 99200,xl,Royal,Royal (solid),Delta,Delta 99200,11.60
51,10514505,51. 9oz Fleece Hoodie 99200,2x,Royal,Royal (solid),Delta,Delta 99200,12.60
51,10514506,51. 9oz Fleece Hoodie 99200,3X,Royal,Royal (solid),Delta,Delta 99200,13.60
51,11513401,51. 9oz Fleece Hoodie 99200,sm,Steel Heather,Athletic Heather,Delta,Delta 99200,11.60
51,11513402,51. 9oz Fleece Hoodie 99200,m,Steel Heather,Athletic Heather,Delta,Delta 99200,11.60
51,11513403,51. 9oz Fleece Hoodie 99200,l,Steel Heather,Athletic Heather,Delta,Delta 99200,11.60
51,11513404,51. 9oz Fleece Hoodie 99200,xl,Steel Heather,Athletic Heather,Delta,Delta 99200,11.60
51,11513405,51. 9oz Fleece Hoodie 99200,2x,Steel Heather,Athletic Heather,Delta,Delta 99200,12.60
51,11513406,51. 9oz Fleece Hoodie 99200,3X,Steel Heather,Athletic Heather,Delta,Delta 99200,13.60
51,11517601,51. 9oz Fleece Hoodie 99200,sm,Oatmeal,Oatmeal,Delta,Delta 99200,11.60
51,11517602,51. 9oz Fleece Hoodie 99200,m,Oatmeal,Oatmeal,Delta,Delta 99200,11.60
51,11517603,51. 9oz Fleece Hoodie 99200,l,Oatmeal,Oatmeal,Delta,Delta 99200,11.60
51,11517604,51. 9oz Fleece Hoodie 99200,xl,Oatmeal,Oatmeal,Delta,Delta 99200,11.60
51,11517605,51. 9oz Fleece Hoodie 99200,2x,Oatmeal,Oatmeal,Delta,Delta 99200,12.60
51,11517606,51. 9oz Fleece Hoodie 99200,3X,Oatmeal,Oatmeal,Delta,Delta 99200,13.60
52,10520401,52. 9oz Zip Hoodie 99300,sm,Black,Black (solid),Delta,Delta 99300,13.40
52,10520402,52. 9oz Zip Hoodie 99300,m,Black,Black (solid),Delta,Delta 99300,13.40
52,10520403,52. 9oz Zip Hoodie 99300,l,Black,Black (solid),Delta,Delta 99300,13.40
52,10520404,52. 9oz Zip Hoodie 99300,xl,Black,Black (solid),Delta,Delta 99300,13.40
52,10520405,52. 9oz Zip Hoodie 99300,2x,Black,Black (solid),Delta,Delta 99300,14.40
52,10520406,52. 9oz Zip Hoodie 99300,3x,Black,Black (solid),Delta,Delta 99300,15.40
52,10521001,52. 9oz Zip Hoodie 99300,sm,Charcoal Heather,Charcoal Heather,Delta,Delta 99300,13.40
52,10521002,52. 9oz Zip Hoodie 99300,m,Charcoal Heather,Charcoal Heather,Delta,Delta 99300,13.40
52,10521003,52. 9oz Zip Hoodie 99300,l,Charcoal Heather,Charcoal Heather,Delta,Delta 99300,13.40
52,10521004,52. 9oz Zip Hoodie 99300,xl,Charcoal Heather,Charcoal Heather,Delta,Delta 99300,13.40
52,10521005,52. 9oz Zip Hoodie 99300,2x,Charcoal Heather,Charcoal Heather,Delta,Delta 99300,14.40
52,10521006,52. 9oz Zip Hoodie 99300,3X,Charcoal Heather,Charcoal Heather,Delta,Delta 99300,15.40
52,10523601,52. 9oz Zip Hoodie 99300,sm,Navy,Athletic Navy (solid),Delta,Delta 99300,13.40
52,10523602,52. 9oz Zip Hoodie 99300,m,Navy,Athletic Navy (solid),Delta,Delta 99300,13.40
52,10523603,52. 9oz Zip Hoodie 99300,l,Navy,Athletic Navy (solid),Delta,Delta 99300,13.40
52,10523604,52. 9oz Zip Hoodie 99300,xl,Navy,Athletic Navy (solid),Delta,Delta 99300,13.40
52,10523605,52. 9oz Zip Hoodie 99300,2x,Navy,Athletic Navy (solid),Delta,Delta 99300,14.40
52,10523606,52. 9oz Zip Hoodie 99300,3X,Navy,Athletic Navy (solid),Delta,Delta 99300,15.40
52,10524401,52. 9oz Zip Hoodie 99300,sm,Red,Red (solid),Delta,Delta 99300,13.40
52,10524402,52. 9oz Zip Hoodie 99300,m,Red,Red (solid),Delta,Delta 99300,13.40
52,10524403,52. 9oz Zip Hoodie 99300,l,Red,Red (solid),Delta,Delta 99300,13.40
52,10524404,52. 9oz Zip Hoodie 99300,xl,Red,Red (solid),Delta,Delta 99300,13.40
52,10524405,52. 9oz Zip Hoodie 99300,2x,Red,Red (solid),Delta,Delta 99300,14.40
52,10524406,52. 9oz Zip Hoodie 99300,3X,Red,Red (solid),Delta,Delta 99300,15.40
52,10524501,52. 9oz Zip Hoodie 99300,sm,Royal,Royal (solid,Delta,Delta 99300,13.40
52,10524502,52. 9oz Zip Hoodie 99300,m,Royal,Royal (solid,Delta,Delta 99300,13.40
52,10524503,52. 9oz Zip Hoodie 99300,l,Royal,Royal (solid,Delta,Delta 99300,13.40
52,10524504,52. 9oz Zip Hoodie 99300,xl,Royal,Royal (solid,Delta,Delta 99300,13.40
52,10524505,52. 9oz Zip Hoodie 99300,2x,Royal,Royal (solid,Delta,Delta 99300,14.40
52,10524506,52. 9oz Zip Hoodie 99300,3X,Royal,Royal (solid,Delta,Delta 99300,15.40
52,11523401,52. 9oz Zip Hoodie 99300,sm,Steel Heather,Athletic Heather,Delta,Delta 99300,13.40
52,11523402,52. 9oz Zip Hoodie 99300,m,Steel Heather,Athletic Heather,Delta,Delta 99300,13.40
52,11523403,52. 9oz Zip Hoodie 99300,l,Steel Heather,Athletic Heather,Delta,Delta 99300,13.40
52,11523404,52. 9oz Zip Hoodie 99300,xl,Steel Heather,Athletic Heather,Delta,Delta 99300,13.40
52,11523405,52. 9oz Zip Hoodie 99300,2x,Steel Heather,Athletic Heather,Delta,Delta 99300,14.40
52,11523406,52. 9oz Zip Hoodie 99300,3X,Steel Heather,Athletic Heather,Delta,Delta 99300,15.40
52,11527601,52. 9oz Zip Hoodie 99300,sm,Oatmeal,Oatmeal,Delta,Delta 99300,13.40
52,11527602,52. 9oz Zip Hoodie 99300,m,Oatmeal,Oatmeal,Delta,Delta 99300,13.40
52,11527603,52. 9oz Zip Hoodie 99300,l,Oatmeal,Oatmeal,Delta,Delta 99300,13.40
52,11527604,52. 9oz Zip Hoodie 99300,xl,Oatmeal,Oatmeal,Delta,Delta 99300,13.40
52,11527605,52. 9oz Zip Hoodie 99300,2x,Oatmeal,Oatmeal,Delta,Delta 99300,14.40
52,11527606,52. 9oz Zip Hoodie 99300,3X,Oatmeal,Oatmeal,Delta,Delta 99300,15.40
77,10770201,77. Raglan-Baseball Tee white/kelly,sm,White,White/Kelly,Bella/Canvas,3200,5.34
77,10770202,77. Raglan-Baseball Tee white/kelly,m,White,White/Kelly,Bella/Canvas,3200,5.34
77,10770203,77. Raglan-Baseball Tee white/kelly,l,White,White/Kelly,Bella/Canvas,3200,5.34
77,10770204,77. Raglan-Baseball Tee white/kelly,xl,White,White/Kelly,Bella/Canvas,3200,5.34
77,10770205,77. Raglan-Baseball Tee white/kelly,2x,White,White/Kelly,Bella/Canvas,3200,6.53
78,10780201,78. Raglan-Baseball Tee b/w,sm,White,White/Black,Bella/Canvas,3200,5.34
78,10780202,78. Raglan-Baseball Tee b/w,m,White,White/Black,Bella/Canvas,3200,5.34
78,10780203,78. Raglan-Baseball Tee b/w,l,White,White/Black,Bella/Canvas,3200,5.34
78,10780204,78. Raglan-Baseball Tee b/w,xl,White,White/Black,Bella/Canvas,3200,5.34
78,10780205,78. Raglan-Baseball Tee b/w,2x,White,White/Black,Bella/Canvas,3200,6.53
78,10780401,78. Raglan-Baseball Tee b/w,sm,Black,Black/White,Bella/Canvas,3200,5.85
78,10780402,78. Raglan-Baseball Tee b/w,m,Black,Black/White,Bella/Canvas,3200,5.85
78,10780403,78. Raglan-Baseball Tee b/w,l,Black,Black/White,Bella/Canvas,3200,5.85
78,10780404,78. Raglan-Baseball Tee b/w,xl,Black,Black/White,Bella/Canvas,3200,5.85
78,10780405,78. Raglan-Baseball Tee b/w,2x,Black,Black/White,Bella/Canvas,3200,7.05
82,10820201,82. Raglan-Baseball Tee white/navy,sm,White,White/Navy,Bella/Canvas,3200,5.34
82,10820202,82. Raglan-Baseball Tee white/navy,m,White,White/Navy,Bella/Canvas,3200,5.34
82,10820203,82. Raglan-Baseball Tee white/navy,l,White,White/Navy,Bella/Canvas,3200,5.34
82,10820204,82. Raglan-Baseball Tee white/navy,xl,White,White/Navy,Bella/Canvas,3200,5.34
82,10820205,82. Raglan-Baseball Tee white/navy,2x,White,White/Navy,Bella/Canvas,3200,6.53
87,10870101,87. Unisex Jersey Tank,sm,Athletic Heather,Athletic Heather,Bella/Canvas,3480,4.12
87,10870102,87. Unisex Jersey Tank,m,Athletic Heather,Athletic Heather,Bella/Canvas,3480,4.12
87,10870103,87. Unisex Jersey Tank,l,Athletic Heather,Athletic Heather,Bella/Canvas,3480,4.12
87,10870104,87. Unisex Jersey Tank,xl,Athletic Heather,Athletic Heather,Bella/Canvas,3480,4.12
87,10870105,87. Unisex Jersey Tank,2x,Athletic Heather,Athletic Heather,Bella/Canvas,3480,5.51
87,10870201,87. Unisex Jersey Tank,sm,White,White,Bella/Canvas,3480,4.12
87,10870202,87. Unisex Jersey Tank,m,White,White,Bella/Canvas,3480,4.12
87,10870203,87. Unisex Jersey Tank,l,White,White,Bella/Canvas,3480,4.12
87,10870204,87. Unisex Jersey Tank,xl,White,White,Bella/Canvas,3480,4.12
87,10870205,87. Unisex Jersey Tank,2x,White,White,Bella/Canvas,3480,5.51
87,10870401,87. Unisex Jersey Tank,sm,Black,Black,Bella/Canvas,3480,4.12
87,10870402,87. Unisex Jersey Tank,m,Black,Black,Bella/Canvas,3480,4.12
87,10870403,87. Unisex Jersey Tank,l,Black,Black,Bella/Canvas,3480,4.12
87,10870404,87. Unisex Jersey Tank,xl,Black,Black,Bella/Canvas,3480,4.12
87,10870405,87. Unisex Jersey Tank,2x,Black,Black,Bella/Canvas,3480,5.51
87,10872401,87. Unisex Jersey Tank,sm,Kelly Green,Kelly,Bella/Canvas,3480,4.12
87,10872402,87. Unisex Jersey Tank,m,Kelly Green,Kelly,Bella/Canvas,3480,4.12
87,10872403,87. Unisex Jersey Tank,l,Kelly Green,Kelly,Bella/Canvas,3480,4.12
87,10872404,87. Unisex Jersey Tank,xl,Kelly Green,Kelly,Bella/Canvas,3480,4.12
87,10872405,87. Unisex Jersey Tank,2x,Kelly Green,Kelly,Bella/Canvas,3480,5.51
87,10873601,87. Unisex Jersey Tank,sm,Navy,Navy,Bella/Canvas,3480,4.12
87,10873602,87. Unisex Jersey Tank,m,Navy,Navy,Bella/Canvas,3480,4.12
87,10873603,87. Unisex Jersey Tank,l,Navy,Navy,Bella/Canvas,3480,4.12
87,10873604,87. Unisex Jersey Tank,xl,Navy,Navy,Bella/Canvas,3480,4.12
87,10873605,87. Unisex Jersey Tank,2x,Navy,Navy,Bella/Canvas,3480,5.51
87,10874401,87. Unisex Jersey Tank,sm,Red,Red,Bella/Canvas,3480,4.12
87,10874402,87. Unisex Jersey Tank,m,Red,Red,Bella/Canvas,3480,4.12
87,10874403,87. Unisex Jersey Tank,l,Red,Red,Bella/Canvas,3480,4.12
87,10874404,87. Unisex Jersey Tank,xl,Red,Red,Bella/Canvas,3480,4.12
87,10874405,87. Unisex Jersey Tank,2x,Red,Red,Bella/Canvas,3480,5.51
87,11874401,87. Unisex Jersey Tank,sm,Blue,True Royal,Bella/Canvas,3480,4.12
87,11874402,87. Unisex Jersey Tank,m,Blue,True Royal,Bella/Canvas,3480,4.12
87,11874403,87. Unisex Jersey Tank,l,Blue,True Royal,Bella/Canvas,3480,4.12
87,11874404,87. Unisex Jersey Tank,xl,Blue,True Royal,Bella/Canvas,3480,4.12
87,11874405,87. Unisex Jersey Tank,2x,Blue,True Royal,Bella/Canvas,3480,5.51
87,11874801,87. Unisex Jersey Tank,sm,Green,Leaf,Bella/Canvas,3480,4.12
87,11874802,87. Unisex Jersey Tank,m,Green,Leaf,Bella/Canvas,3480,4.12
87,11874803,87. Unisex Jersey Tank,l,Green,Leaf,Bella/Canvas,3480,4.12
87,11874804,87. Unisex Jersey Tank,xl,Green,Leaf,Bella/Canvas,3480,4.12
87,11874805,87. Unisex Jersey Tank,2x,Green,Leaf,Bella/Canvas,3480,5.51
88,10880201,88. Mens L/S Tee Shirt,sm,White,White,Next Level,NL3601,4.62
88,10880202,88. Mens L/S Tee Shirt,m,White,White,Next Level,NL3601,4.62
88,10880203,88. Mens L/S Tee Shirt,l,White,White,Next Level,NL3601,4.62
88,10880204,88. Mens L/S Tee Shirt,xl,White,White,Next Level,NL3601,4.62
88,10880205,88. Mens L/S Tee Shirt,2x,White,White,Next Level,NL3601,5.62
88,10880401,88. Mens L/S Tee Shirt,sm,Black,Black,Next Level,NL3601,4.62
88,10880402,88. Mens L/S Tee Shirt,m,Black,Black,Next Level,NL3601,4.62
88,10880403,88. Mens L/S Tee Shirt,l,Black,Black,Next Level,NL3601,4.62
88,10880404,88. Mens L/S Tee Shirt,xl,Black,Black,Next Level,NL3601,4.62
88,10880405,88. Mens L/S Tee Shirt,2x,Black,Black,Next Level,NL3601,5.62
88,10882101,88. Mens L/S Tee Shirt,sm,Heather grey,Heather grey,Next Level,NL3601,4.62
88,10882102,88. Mens L/S Tee Shirt,m,Heather grey,Heather grey,Next Level,NL3601,4.62
88,10882103,88. Mens L/S Tee Shirt,l,Heather grey,Heather grey,Next Level,NL3601,4.62
88,10882104,88. Mens L/S Tee Shirt,xl,Heather grey,Heather grey,Next Level,NL3601,4.62
88,10882105,88. Mens L/S Tee Shirt,2x,Heather grey,Heather grey,Next Level,NL3601,5.62
88,10883201,88. Mens L/S Tee Shirt,sm,Midnight Navy,Midnight Navy,Next Level,NL3601,4.62
88,10883202,88. Mens L/S Tee Shirt,m,Midnight Navy,Midnight Navy,Next Level,NL3601,4.62
88,10883203,88. Mens L/S Tee Shirt,l,Midnight Navy,Midnight Navy,Next Level,NL3601,4.62
88,10883204,88. Mens L/S Tee Shirt,xl,Midnight Navy,Midnight Navy,Next Level,NL3601,4.62
88,10883205,88. Mens L/S Tee Shirt,2x,Midnight Navy,Midnight Navy,Next Level,NL3601,5.62
88,10884401,88. Mens L/S Tee Shirt,sm,Red,Red,Next Level,NL3601,4.62
88,10884402,88. Mens L/S Tee Shirt,m,Red,Red,Next Level,NL3601,4.62
88,10884403,88. Mens L/S Tee Shirt,l,Red,Red,Next Level,NL3601,4.62
88,10884404,88. Mens L/S Tee Shirt,xl,Red,Red,Next Level,NL3601,4.62
88,10884405,88. Mens L/S Tee Shirt,2x,Red,Red,Next Level,NL3601,5.62
88,10884501,88. Mens L/S Tee Shirt,sm,Royal,Royal,Next Level,NL3601,4.62
88,10884502,88. Mens L/S Tee Shirt,m,Royal,Royal,Next Level,NL3601,4.62
88,10884503,88. Mens L/S Tee Shirt,l,Royal,Royal,Next Level,NL3601,4.62
88,10884504,88. Mens L/S Tee Shirt,xl,Royal,Royal,Next Level,NL3601,4.62
88,10884505,88. Mens L/S Tee Shirt,2x,Royal,Royal,Next Level,NL3601,5.62
88,11884201,88. Mens L/S Tee Shirt,sm,Dark Grey,Heavy Metal ,Next Level,NL3601,4.62
88,11884202,88. Mens L/S Tee Shirt,m,Dark Grey,Heavy Metal ,Next Level,NL3601,4.62
88,11884203,88. Mens L/S Tee Shirt,l,Dark Grey,Heavy Metal ,Next Level,NL3601,4.62
88,11884204,88. Mens L/S Tee Shirt,xl,Dark Grey,Heavy Metal ,Next Level,NL3601,4.62
88,11884205,88. Mens L/S Tee Shirt,2x,Dark Grey,Heavy Metal ,Next Level,NL3601,5.62
89,11898501,89. Triblend Unisex Raglan,sm,Heather with Red,vintage red/premium heather,Next Level,NL6051,5.09
89,11898502,89. Triblend Unisex Raglan,m,Heather with Red,vintage red/premium heather,Next Level,NL6051,5.09
89,11898503,89. Triblend Unisex Raglan,l,Heather with Red,vintage red/premium heather,Next Level,NL6051,5.09
89,11898504,89. Triblend Unisex Raglan,xl,Heather with Red,vintage red/premium heather,Next Level,NL6051,5.09
89,11898505,89. Triblend Unisex Raglan,2x,Heather with Red,vintage red/premium heather,Next Level,NL6051,6.09
89,11898521,89. Triblend Unisex Raglan,xs,Heather with Red,vintage red/premium heather,Next Level,NL6051,5.09
89,11898601,89. Triblend Unisex Raglan,sm,Heather with Navy,vintage navy/premium heather,Next Level,NL6051,5.09
89,11898602,89. Triblend Unisex Raglan,m,Heather with Navy,vintage navy/premium heather,Next Level,NL6051,5.09
89,11898603,89. Triblend Unisex Raglan,l,Heather with Navy,vintage navy/premium heather,Next Level,NL6051,5.09
89,11898604,89. Triblend Unisex Raglan,xl,Heather with Navy,vintage navy/premium heather,Next Level,NL6051,5.09
89,11898605,89. Triblend Unisex Raglan,2x,Heather with Navy,vintage navy/premium heather,Next Level,NL6051,6.09
89,11898621,89. Triblend Unisex Raglan,xs,Heather with Navy,vintage navy/premium heather,Next Level,NL6051,5.09
89,11898701,89. Triblend Unisex Raglan,sm,Heather with Royal,vintage royal/premium heather,Next Level,NL6051,5.09
89,11898702,89. Triblend Unisex Raglan,m,Heather with Royal,vintage royal/premium heather,Next Level,NL6051,5.09
89,11898703,89. Triblend Unisex Raglan,l,Heather with Royal,vintage royal/premium heather,Next Level,NL6051,5.09
89,11898704,89. Triblend Unisex Raglan,xl,Heather with Royal,vintage royal/premium heather,Next Level,NL6051,5.09
89,11898705,89. Triblend Unisex Raglan,2x,Heather with Royal,vintage royal/premium heather,Next Level,NL6051,6.09
89,11898721,89. Triblend Unisex Raglan,xs,Heather with Royal,vintage royal/premium heather,Next Level,NL6051,5.09
89,11898801,89. Triblend Unisex Raglan,sm,Heather with Black,vintage black/premium heather,Next Level,NL6051,5.09
89,11898802,89. Triblend Unisex Raglan,m,Heather with Black,vintage black/premium heather,Next Level,NL6051,5.09
89,11898803,89. Triblend Unisex Raglan,l,Heather with Black,vintage black/premium heather,Next Level,NL6051,5.09
89,11898804,89. Triblend Unisex Raglan,xl,Heather with Black,vintage black/premium heather,Next Level,NL6051,5.09
89,11898805,89. Triblend Unisex Raglan,2x,Heather with Black,vintage black/premium heather,Next Level,NL6051,6.09
89,11898821,89. Triblend Unisex Raglan,xs,Heather with Black,vintage black/premium heather,Next Level,NL6051,5.09
89,11898901,89. Triblend Unisex Raglan,sm,White with Royal,vintage royal/heather white,Next Level,NL6051,5.09
89,11898902,89. Triblend Unisex Raglan,m,White with Royal,vintage royal/heather white,Next Level,NL6051,5.09
89,11898903,89. Triblend Unisex Raglan,l,White with Royal,vintage royal/heather white,Next Level,NL6051,5.09
89,11898904,89. Triblend Unisex Raglan,xl,White with Royal,vintage royal/heather white,Next Level,NL6051,5.09
89,11898905,89. Triblend Unisex Raglan,2x,White with Royal,vintage royal/heather white,Next Level,NL6051,6.09
89,11898921,89. Triblend Unisex Raglan,xs,White with Royal,vintage royal/heather white,Next Level,NL6051,5.09
89,11899001,89. Triblend Unisex Raglan,sm,White with Kelly,envy/heather white,Next Level,NL6051,5.09
89,11899002,89. Triblend Unisex Raglan,m,White with Kelly,envy/heather white,Next Level,NL6051,5.09
89,11899003,89. Triblend Unisex Raglan,l,White with Kelly,envy/heather white,Next Level,NL6051,5.09
89,11899004,89. Triblend Unisex Raglan,xl,White with Kelly,envy/heather white,Next Level,NL6051,5.09
89,11899005,89. Triblend Unisex Raglan,2x,White with Kelly,envy/heather white,Next Level,NL6051,6.09
89,11899021,89. Triblend Unisex Raglan,xs,White with Kelly,envy/heather white,Next Level,NL6051,5.09
89,11899101,89. Triblend Unisex Raglan,sm,White with Heather,premium heather/heather white,Next Level,NL6051,5.09
89,11899102,89. Triblend Unisex Raglan,m,White with Heather,premium heather/heather white,Next Level,NL6051,5.09
89,11899103,89. Triblend Unisex Raglan,l,White with Heather,premium heather/heather white,Next Level,NL6051,5.09
89,11899104,89. Triblend Unisex Raglan,xl,White with Heather,premium heather/heather white,Next Level,NL6051,5.09
89,11899105,89. Triblend Unisex Raglan,2x,White with Heather,premium heather/heather white,Next Level,NL6051,6.09
89,11899121,89. Triblend Unisex Raglan,xs,White with Heather,premium heather/heather white,Next Level,NL6051,5.09
89,11899201,89. Triblend Unisex Raglan,sm,Black with Heather,premium heather/vintage black,Next Level,NL6051,5.09
89,11899202,89. Triblend Unisex Raglan,m,Black with Heather,premium heather/vintage black,Next Level,NL6051,5.09
89,11899203,89. Triblend Unisex Raglan,l,Black with Heather,premium heather/vintage black,Next Level,NL6051,5.09
89,11899204,89. Triblend Unisex Raglan,xl,Black with Heather,premium heather/vintage black,Next Level,NL6051,5.09
89,11899205,89. Triblend Unisex Raglan,2x,Black with Heather,premium heather/vintage black,Next Level,NL6051,6.09
89,11899221,89. Triblend Unisex Raglan,xs,Black with Heather,premium heather/vintage black,Next Level,NL6051,5.09
90,10900201,90. Womens Terry L/S Scoop,sm,White,White,Next Level,NL 6931,6.42
90,10900202,90. Womens Terry L/S Scoop,m,White,White,Next Level,NL 6931,6.42
90,10900203,90. Womens Terry L/S Scoop,l,White,White,Next Level,NL 6931,6.42
90,10900204,90. Womens Terry L/S Scoop,xl,White,White,Next Level,NL 6931,6.42
90,10900205,90. Womens Terry L/S Scoop,2x,White,White,Next Level,NL 6931,6.92
90,10900401,90. Womens Terry L/S Scoop,sm,Black,Black,Next Level,NL 6931,6.42
90,10900402,90. Womens Terry L/S Scoop,m,Black,Black,Next Level,NL 6931,6.42
90,10900403,90. Womens Terry L/S Scoop,l,Black,Black,Next Level,NL 6931,6.42
90,10900404,90. Womens Terry L/S Scoop,xl,Black,Black,Next Level,NL 6931,6.42
90,10900405,90. Womens Terry L/S Scoop,2x,Black,Black,Next Level,NL 6931,6.92
90,10902101,90. Womens Terry L/S Scoop,sm,Heather grey,Heather grey,Next Level,NL 6931,6.42
90,10902102,90. Womens Terry L/S Scoop,m,Heather grey,Heather grey,Next Level,NL 6931,6.42
90,10902103,90. Womens Terry L/S Scoop,l,Heather grey,Heather grey,Next Level,NL 6931,6.42
90,10902104,90. Womens Terry L/S Scoop,xl,Heather grey,Heather grey,Next Level,NL 6931,6.42
90,10902105,90. Womens Terry L/S Scoop,2x,Heather grey,Heather grey,Next Level,NL 6931,6.92
90,10902301,90. Womens Terry L/S Scoop,sm,Indigo,Indigo,Next Level,NL 6931,6.42
90,10902302,90. Womens Terry L/S Scoop,m,Indigo,Indigo,Next Level,NL 6931,6.42
90,10902303,90. Womens Terry L/S Scoop,l,Indigo,Indigo,Next Level,NL 6931,6.42
90,10902304,90. Womens Terry L/S Scoop,xl,Indigo,Indigo,Next Level,NL 6931,6.42
90,10902305,90. Womens Terry L/S Scoop,2x,Indigo,Indigo,Next Level,NL 6931,6.92
90,10904101,90. Womens Terry L/S Scoop,sm,Plum,Plum,Next Level,NL 6931,6.42
90,10904102,90. Womens Terry L/S Scoop,m,Plum,Plum,Next Level,NL 6931,6.42
90,10904103,90. Womens Terry L/S Scoop,l,Plum,Plum,Next Level,NL 6931,6.42
90,10904104,90. Womens Terry L/S Scoop,xl,Plum,Plum,Next Level,NL 6931,6.42
90,10904105,90. Womens Terry L/S Scoop,2x,Plum,Plum,Next Level,NL 6931,6.92
90,10904401,90. Womens Terry L/S Scoop,sm,Red,Red,Next Level,NL 6931,6.42
90,10904402,90. Womens Terry L/S Scoop,m,Red,Red,Next Level,NL 6931,6.42
90,10904403,90. Womens Terry L/S Scoop,l,Red,Red,Next Level,NL 6931,6.42
90,10904404,90. Womens Terry L/S Scoop,xl,Red,Red,Next Level,NL 6931,6.42
90,10904405,90. Womens Terry L/S Scoop,2x,Red,Red,Next Level,NL 6931,6.92
90,11904201,90. Womens Terry L/S Scoop,sm,Dark Grey,Dark Grey,Next Level,NL 6931,6.42
90,11904202,90. Womens Terry L/S Scoop,m,Dark Grey,Dark Grey,Next Level,NL 6931,6.42
90,11904203,90. Womens Terry L/S Scoop,l,Dark Grey,Dark Grey,Next Level,NL 6931,6.42
90,11904204,90. Womens Terry L/S Scoop,xl,Dark Grey,Dark Grey,Next Level,NL 6931,6.42
90,11904205,90. Womens Terry L/S Scoop,2x,Dark Grey,Dark Grey,Next Level,NL 6931,6.92
90,11907201,90. Womens Terry L/S Scoop,sm,Natural,Ivory,Next Level,NL 6931,6.42
90,11907202,90. Womens Terry L/S Scoop,m,Natural,Ivory,Next Level,NL 6931,6.42
90,11907203,90. Womens Terry L/S Scoop,l,Natural,Ivory,Next Level,NL 6931,6.42
90,11907204,90. Womens Terry L/S Scoop,xl,Natural,Ivory,Next Level,NL 6931,6.42
90,11907205,90. Womens Terry L/S Scoop,2x,Natural,Ivory,Next Level,NL 6931,6.92
